run,feature,is_dummy,rank,selected_count,final_score_adj,global_score,bootstrap_freq,null_margin
run_six_hump_camel_20260326_185734_067610_802a,x1,False,1,3,0.9487919535491408,0.981,1.0,0.2603921875
run_six_hump_camel_20260326_185734_067610_802a,x2,False,2,3,0.8250477282783972,0.8627916666666665,1.0,0.1646489583333332
run_six_hump_camel_20260326_185734_067610_802a,d1,True,3,3,0.5568012598239217,0.6576145833333332,0.7,-0.0234246875
run_six_hump_camel_20260326_190407_515343_0b7b,x1,False,1,3,0.9568479872554452,0.9703125,1.0,0.2553463541666666
run_six_hump_camel_20260326_190407_515343_0b7b,x2,False,2,3,0.8558701877380746,0.8919999999999999,1.0,0.1653713541666666
run_six_hump_camel_20260326_190407_515343_0b7b,d3,True,3,3,0.8156501792687889,0.8467499999999999,1.0,0.1427135416666667
run_six_hump_camel_20260326_190705_612117_577a,x1,False,1,3,0.94989894401926,0.976875,1.0,0.194396875
run_six_hump_camel_20260326_190705_612117_577a,x2,False,2,3,0.797840083471787,0.8324687499999999,1.0,0.0432645833333332
run_six_hump_camel_20260326_190705_612117_577a,d2,True,3,3,0.7821258584455667,0.8215729166666667,0.9,0.0421973958333334
run_six_hump_camel_20260326_191124_594845_4e3d,x2,False,1,3,0.8431867646289419,0.8916249999999999,0.9,0.1633869791666666
run_six_hump_camel_20260326_191124_594845_4e3d,x1,False,2,3,0.8029630074181596,0.878875,1.0,0.1329411458333333
run_six_hump_camel_20260326_191124_594845_4e3d,d2,True,3,3,0.7102394192363831,0.7778333333333333,1.0,0.0359630208333333
run_six_hump_camel_20260326_191239_169828_f814,x2,False,1,3,0.881928703346431,0.907375,1.0,0.1203567708333334
run_six_hump_camel_20260326_191239_169828_f814,x1,False,2,3,0.8142247490422427,0.8704166666666666,0.9,0.063853125
run_six_hump_camel_20260326_191239_169828_f814,d2,True,3,3,0.6885243259466233,0.7625,0.7,-0.0255180989583333
run_six_hump_camel_20260326_191645_910769_a05a,x2,False,1,4,0.8701795882257481,0.9025,1.0,0.1231541666666666
run_six_hump_camel_20260326_191645_910769_a05a,x1,False,2,4,0.859977491655508,0.9021249999999998,0.9,0.1245302083333332
run_six_hump_camel_20260326_191645_910769_a05a,d2,True,3,4,0.7502964910500921,0.8032916666666666,0.7,0.0284791666666668
run_six_hump_camel_20260326_191645_910769_a05a,d3,True,4,4,0.6729027645352031,0.7498333333333332,0.8,-0.0045217708333333
run_six_hump_camel_20260326_191835_352913_972e,x1,False,1,4,0.9423750354048436,0.960625,1.0,0.1589635416666668
run_six_hump_camel_20260326_191835_352913_972e,x2,False,2,4,0.8082172870618312,0.83246875,0.7,0.0311059375000001
run_six_hump_camel_20260326_191835_352913_972e,d3,True,3,4,0.7149603551905978,0.7550937499999999,0.9,-0.067304427083333
run_six_hump_camel_20260326_191835_352913_972e,d2,True,4,4,0.5710919614648569,0.7063958333333333,0.7,-0.1197295572916663
run_six_hump_camel_20260327_104541_451488_de58,x1,False,1,3,0.9202387032469882,0.9393125,1.0,0.12326875
run_six_hump_camel_20260327_104541_451488_de58,x2,False,2,3,0.9134656449058656,0.9429999999999998,1.0,0.1362166666666667
run_six_hump_camel_20260327_104541_451488_de58,d1,True,3,3,0.5907463218331632,0.6695104166666666,0.8,-0.1555082812499999
run_six_hump_camel_20260327_105310_804199_95ff,x1,False,1,3,0.9724642889713178,0.9875625,1.0,0.2554973958333333
run_six_hump_camel_20260327_105310_804199_95ff,x2,False,2,3,0.910852463834216,0.9280625,1.0,0.2067255208333333
run_six_hump_camel_20260327_105310_804199_95ff,d2,True,3,3,0.6078197668520227,0.6809999999999998,1.0,-0.0289646354166667
run_six_hump_camel_20260327_110813_338848_9052,x2,False,1,3,0.8734239369549396,0.8841249999999998,1.0,0.1309604166666664
run_six_hump_camel_20260327_110813_338848_9052,x1,False,2,3,0.8635762685704845,0.9089375,1.0,0.1490916666666668
run_six_hump_camel_20260327_110813_338848_9052,d2,True,3,3,0.8160532391605774,0.8756041666666666,1.0,0.1352411458333333
run_six_hump_camel_20260327_111628_548177_8039,x1,False,1,3,0.9586032911026152,0.98025,1.0,0.2542098958333333
run_six_hump_camel_20260327_111628_548177_8039,x2,False,2,3,0.8926866910915234,0.90625,1.0,0.1865624999999999
run_six_hump_camel_20260327_111628_548177_8039,d3,True,3,3,0.606308850717081,0.6832395833333332,0.7,-0.0390687239583332
run_six_hump_camel_20260327_151527_171607_8dc6,x1,False,1,3,0.9568479872554452,0.9703125,1.0,0.2553463541666666
run_six_hump_camel_20260327_151527_171607_8dc6,x2,False,2,3,0.8558701877380746,0.8919999999999999,1.0,0.1653713541666666
run_six_hump_camel_20260327_151527_171607_8dc6,d3,True,3,3,0.8156501792687889,0.8467499999999999,1.0,0.1427135416666667
run_six_hump_camel_20260327_151822_888583_b46c,x1,False,1,3,0.94989894401926,0.976875,1.0,0.194396875
run_six_hump_camel_20260327_151822_888583_b46c,x2,False,2,3,0.797840083471787,0.8324687499999999,0.9,0.0432645833333332
run_six_hump_camel_20260327_151822_888583_b46c,d2,True,3,3,0.7821258584455667,0.8215729166666667,0.8,0.0421973958333334
run_six_hump_camel_20260327_152233_872567_d254,x2,False,1,3,0.8431867646289419,0.8916249999999999,0.9,0.1633869791666666
run_six_hump_camel_20260327_152233_872567_d254,x1,False,2,3,0.8029630074181596,0.878875,1.0,0.1329411458333333
run_six_hump_camel_20260327_152233_872567_d254,d2,True,3,3,0.7102394192363831,0.7778333333333333,1.0,0.0359630208333333
run_six_hump_camel_20260327_152752_164151_0099,x2,False,1,4,0.8701795882257481,0.9025,1.0,0.1231541666666666
run_six_hump_camel_20260327_152752_164151_0099,x1,False,2,4,0.859977491655508,0.9021249999999998,0.9,0.1245302083333332
run_six_hump_camel_20260327_152752_164151_0099,d2,True,3,4,0.7502964910500921,0.8032916666666666,0.7,0.0284791666666668
run_six_hump_camel_20260327_152752_164151_0099,d3,True,4,4,0.6698924520352031,0.7498333333333332,0.8,-0.0060269270833334
run_six_hump_camel_20260327_152935_808993_32f9,x1,False,1,3,0.9423750354048436,0.960625,1.0,0.1589635416666668
run_six_hump_camel_20260327_152935_808993_32f9,x2,False,2,3,0.8076435370618313,0.83246875,0.7,0.0308190625000002
run_six_hump_camel_20260327_152935_808993_32f9,d3,True,3,3,0.7043455114405978,0.7550937499999999,0.8,-0.072611848958333
run_six_hump_camel_20260327_154306_859562_169f,x1,False,1,1,0.977201302633323,0.9968125,1.0,0.3440875
run_six_hump_camel_20260327_160201_555288_2afc,x2,False,1,3,0.8734239369549396,0.8841249999999998,1.0,0.1309604166666664
run_six_hump_camel_20260327_160201_555288_2afc,x1,False,2,3,0.8635762685704845,0.9089375,1.0,0.1490916666666668
run_six_hump_camel_20260327_160201_555288_2afc,d2,True,3,3,0.8160532391605774,0.8756041666666666,1.0,0.1352411458333333
run_six_hump_camel_20260330_165541_485491_3673,x1,False,1,3,0.9568479872554452,0.9703125,1.0,0.2553463541666666
run_six_hump_camel_20260330_165541_485491_3673,x2,False,2,3,0.8558701877380746,0.8919999999999999,1.0,0.1653713541666666
run_six_hump_camel_20260330_165541_485491_3673,d3,True,3,3,0.8156501792687889,0.8467499999999999,1.0,0.1427135416666667
run_six_hump_camel_20260330_165941_942023_5886,x1,False,1,3,0.94989894401926,0.976875,1.0,0.194396875
run_six_hump_camel_20260330_165941_942023_5886,x2,False,2,3,0.797840083471787,0.8324687499999999,0.9333333333333332,0.0432645833333332
run_six_hump_camel_20260330_165941_942023_5886,d2,True,3,3,0.7821258584455667,0.8215729166666667,0.8,0.0421973958333334
run_six_hump_camel_20260330_170523_882284_d92e,x2,False,1,3,0.8431867646289419,0.8916249999999999,0.9333333333333332,0.1633869791666666
run_six_hump_camel_20260330_170523_882284_d92e,x1,False,2,3,0.8029630074181596,0.878875,1.0,0.1329411458333333
run_six_hump_camel_20260330_170523_882284_d92e,d2,True,3,3,0.7102394192363831,0.7778333333333333,1.0,0.0359630208333333
run_six_hump_camel_20260330_171236_552803_028f,x2,False,1,3,0.8701795882257481,0.9025,1.0,0.1231541666666666
run_six_hump_camel_20260330_171236_552803_028f,x1,False,2,3,0.859977491655508,0.9021249999999998,0.9333333333333332,0.1245302083333332
run_six_hump_camel_20260330_171236_552803_028f,d3,True,3,3,0.6698924520352031,0.7498333333333332,0.8666666666666667,-0.0060269270833334
run_six_hump_camel_20260330_171456_751021_a549,x1,False,1,2,0.9423750354048436,0.960625,1.0,0.1589635416666668
run_six_hump_camel_20260330_171456_751021_a549,d3,True,2,2,0.7043455114405978,0.7550937499999999,0.8666666666666667,-0.072611848958333
run_six_hump_camel_20260331_102242_366036_cfa1,x1,False,1,3,0.9568479872554452,0.9703125,1.0,0.2553463541666666
run_six_hump_camel_20260331_102242_366036_cfa1,x2,False,2,3,0.8558701877380746,0.8919999999999999,1.0,0.1653713541666666
run_six_hump_camel_20260331_102242_366036_cfa1,d3,True,3,3,0.8156501792687889,0.8467499999999999,1.0,0.1427135416666667
run_six_hump_camel_20260331_102641_594202_5321,x1,False,1,3,0.94989894401926,0.976875,1.0,0.194396875
run_six_hump_camel_20260331_102641_594202_5321,x2,False,2,3,0.797840083471787,0.8324687499999999,0.9333333333333332,0.0432645833333332
run_six_hump_camel_20260331_102641_594202_5321,d2,True,3,3,0.7821258584455667,0.8215729166666667,0.8,0.0421973958333334
run_six_hump_camel_20260331_103222_024740_a8d6,x2,False,1,3,0.8431867646289419,0.8916249999999999,0.9333333333333332,0.1633869791666666
run_six_hump_camel_20260331_103222_024740_a8d6,x1,False,2,3,0.8029630074181596,0.878875,1.0,0.1329411458333333
run_six_hump_camel_20260331_103222_024740_a8d6,d2,True,3,3,0.7102394192363831,0.7778333333333333,1.0,0.0359630208333333
run_six_hump_camel_20260331_103934_382789_45cc,x2,False,1,3,0.8701795882257481,0.9025,1.0,0.1231541666666666
run_six_hump_camel_20260331_103934_382789_45cc,x1,False,2,3,0.859977491655508,0.9021249999999998,0.9333333333333332,0.1245302083333332
run_six_hump_camel_20260331_103934_382789_45cc,d3,True,3,3,0.6698924520352031,0.7498333333333332,0.8666666666666667,-0.0060269270833334
run_six_hump_camel_20260331_104153_849923_ccc8,x1,False,1,2,0.9423750354048436,0.960625,1.0,0.1589635416666668
run_six_hump_camel_20260331_104153_849923_ccc8,d3,True,2,2,0.7043455114405978,0.7550937499999999,0.8666666666666667,-0.072611848958333
run_six_hump_camel_20260331_105432_870167_3d95,x1,False,1,1,0.977201302633323,0.9968125,1.0,0.3440875
run_six_hump_camel_20260331_105818_292454_901a,x1,False,1,3,0.9724642889713178,0.9875625,1.0,0.2554973958333333
run_six_hump_camel_20260331_105818_292454_901a,x2,False,2,3,0.910852463834216,0.9280625,1.0,0.2067255208333333
run_six_hump_camel_20260331_105818_292454_901a,d2,True,3,3,0.6024249231020227,0.6809999999999998,1.0,-0.0316620572916667
run_six_hump_camel_20260331_111556_514746_d714,x2,False,1,3,0.8734239369549396,0.8841249999999998,1.0,0.1309604166666664
run_six_hump_camel_20260331_111556_514746_d714,x1,False,2,3,0.8635762685704845,0.9089375,1.0,0.1490916666666668
run_six_hump_camel_20260331_111556_514746_d714,d2,True,3,3,0.8160532391605774,0.8756041666666666,1.0,0.1352411458333333
run_six_hump_camel_20260331_155336_341004_c0b8,x1,False,1,3,0.9568479872554452,0.9703125,1.0,0.2553463541666666
run_six_hump_camel_20260331_155336_341004_c0b8,x2,False,2,3,0.8558701877380746,0.8919999999999999,1.0,0.1653713541666666
run_six_hump_camel_20260331_155336_341004_c0b8,d3,True,3,3,0.8156501792687889,0.8467499999999999,1.0,0.1427135416666667
run_six_hump_camel_20260331_195356_586138_0fcb,x1,False,1,3,0.9568479872554452,0.9703125,1.0,0.2553463541666666
run_six_hump_camel_20260331_195356_586138_0fcb,x2,False,2,3,0.8558701877380746,0.8919999999999999,1.0,0.1653713541666666
run_six_hump_camel_20260331_195356_586138_0fcb,d3,True,3,3,0.8156501792687889,0.8467499999999999,1.0,0.1427135416666667
run_six_hump_camel_20260331_200447_912265_55da,x2,False,1,3,0.8431867646289419,0.8916249999999999,0.9333333333333332,0.1633869791666666
run_six_hump_camel_20260331_200447_912265_55da,x1,False,2,3,0.8029630074181596,0.878875,1.0,0.1329411458333333
run_six_hump_camel_20260331_200447_912265_55da,d2,True,3,3,0.7102394192363831,0.7778333333333333,1.0,0.0359630208333333
run_six_hump_camel_20260331_200645_285252_d072,x2,False,1,1,0.881928703346431,0.907375,1.0,0.1203567708333334
run_six_hump_camel_20260331_201514_582315_b954,x1,False,1,1,0.9423750354048436,0.960625,1.0,0.1589635416666668
run_six_hump_camel_20260401_104224_019393_2d81,x1,False,1,3,0.9568479872554452,0.9703125,0.8666666666666667,0.2553463541666666
run_six_hump_camel_20260401_104224_019393_2d81,x2,False,2,3,0.8558701877380746,0.8919999999999999,1.0,0.1653713541666666
run_six_hump_camel_20260401_104224_019393_2d81,d3,True,3,3,0.8156501792687889,0.8467499999999999,0.9333333333333332,0.1427135416666667
run_six_hump_camel_20260401_104615_247214_694b,x1,False,1,1,0.94989894401926,0.976875,1.0,0.194396875
run_six_hump_camel_20260401_105146_201955_590d,x2,False,1,3,0.8431867646289419,0.8916249999999999,0.9333333333333332,0.1633869791666666
run_six_hump_camel_20260401_105146_201955_590d,x1,False,2,3,0.8029630074181596,0.878875,1.0,0.1329411458333333
run_six_hump_camel_20260401_105146_201955_590d,d2,True,3,3,0.7102394192363831,0.7778333333333333,0.9333333333333332,0.0359630208333333
run_six_hump_camel_20260401_110103_169140_8a55,x1,False,1,1,0.9423750354048436,0.960625,1.0,0.1589635416666668
run_six_hump_camel_20260401_133723_203374_b500,x1,False,1,3,0.9568479872554452,0.9703125,0.8666666666666667,0.2553463541666666
run_six_hump_camel_20260401_133723_203374_b500,x2,False,2,3,0.8558701877380746,0.8919999999999999,0.8666666666666667,0.1653713541666666
run_six_hump_camel_20260401_133723_203374_b500,d3,True,3,3,0.8156501792687889,0.8467499999999999,0.9333333333333332,0.1427135416666667
run_six_hump_camel_20260401_135618_161388_a00c,x1,False,1,1,0.9423750354048436,0.960625,1.0,0.1589635416666668
run_six_hump_camel_20260401_191004_866491_0a7c,x1,False,1,1,0.9771811924091276,0.9900625,1.0,0.3014052083333333
run_six_hump_camel_20260401_192901_584218_8010,x1,False,1,2,0.9633113671234886,0.971875,1.0,0.2510640625
run_six_hump_camel_20260401_192901_584218_8010,d3,True,2,2,0.9111931696029568,0.9544791666666664,1.0,0.2008359375
run_six_hump_camel_20260401_193448_589157_03df,x1,False,1,1,0.9831837787969756,1.0,1.0,0.3451395833333333
run_six_hump_camel_20260401_194047_792258_ec64,x1,False,1,1,0.997568193606237,0.9989375,1.0,0.3577375
run_six_hump_camel_20260327_105048_270704_e255,x1,False,1,3,0.9487919535491408,0.981,1.0,0.2603921875
run_six_hump_camel_20260327_105048_270704_e255,x2,False,2,3,0.8250477282783972,0.8627916666666665,1.0,0.1646489583333332
run_six_hump_camel_20260327_105048_270704_e255,d1,True,3,3,0.5568012598239217,0.6576145833333332,0.7,-0.0234246875
run_six_hump_camel_20260327_105727_532992_9dfd,x1,False,1,3,0.9568479872554452,0.9703125,1.0,0.2553463541666666
run_six_hump_camel_20260327_105727_532992_9dfd,x2,False,2,3,0.8558701877380746,0.8919999999999999,1.0,0.1653713541666666
run_six_hump_camel_20260327_105727_532992_9dfd,d3,True,3,3,0.8156501792687889,0.8467499999999999,1.0,0.1427135416666667
run_six_hump_camel_20260327_110027_354793_636d,x1,False,1,3,0.94989894401926,0.976875,1.0,0.194396875
run_six_hump_camel_20260327_110027_354793_636d,x2,False,2,3,0.797840083471787,0.8324687499999999,1.0,0.0432645833333332
run_six_hump_camel_20260327_110027_354793_636d,d2,True,3,3,0.7821258584455667,0.8215729166666667,0.9,0.0421973958333334
run_six_hump_camel_20260327_110440_650393_4b52,x2,False,1,3,0.8431867646289419,0.8916249999999999,0.9,0.1633869791666666
run_six_hump_camel_20260327_110440_650393_4b52,x1,False,2,3,0.8029630074181596,0.878875,1.0,0.1329411458333333
run_six_hump_camel_20260327_110440_650393_4b52,d2,True,3,3,0.7102394192363831,0.7778333333333333,1.0,0.0359630208333333
run_six_hump_camel_20260327_110554_746000_ed45,x2,False,1,3,0.881928703346431,0.907375,1.0,0.1203567708333334
run_six_hump_camel_20260327_110554_746000_ed45,x1,False,2,3,0.8142247490422427,0.8704166666666666,0.9,0.063853125
run_six_hump_camel_20260327_110554_746000_ed45,d2,True,3,3,0.6885243259466233,0.7625,0.7,-0.0255180989583333
run_six_hump_camel_20260327_110959_806316_3f3b,x2,False,1,4,0.8701795882257481,0.9025,1.0,0.1231541666666666
run_six_hump_camel_20260327_110959_806316_3f3b,x1,False,2,4,0.859977491655508,0.9021249999999998,0.9,0.1245302083333332
run_six_hump_camel_20260327_110959_806316_3f3b,d2,True,3,4,0.7502964910500921,0.8032916666666666,0.7,0.0284791666666668
run_six_hump_camel_20260327_110959_806316_3f3b,d3,True,4,4,0.6729027645352031,0.7498333333333332,0.8,-0.0045217708333333
run_six_hump_camel_20260327_111144_655289_f715,x1,False,1,4,0.9423750354048436,0.960625,1.0,0.1589635416666668
run_six_hump_camel_20260327_111144_655289_f715,x2,False,2,4,0.8082172870618312,0.83246875,0.7,0.0311059375000001
run_six_hump_camel_20260327_111144_655289_f715,d3,True,3,4,0.7149603551905978,0.7550937499999999,0.9,-0.067304427083333
run_six_hump_camel_20260327_111144_655289_f715,d2,True,4,4,0.5710919614648569,0.7063958333333333,0.7,-0.1197295572916663
