run_root,problem,selected,sel_count,dummy_count,fi_real_only_success,fi_all_real_included,fi_final_score_threshold,fi_global_score_floor,fi_stability_rule_very_low_data,fi_stability_perm_min_rate_very_low_data,fi_stability_drop_min_rate_very_low_data,fi_stability_rule_normal,fi_gap_filter_enabled,fi_gap_threshold_very_low_data,fi_gap_global_floor,fi_gap_min_retain,fi_drop_veto_enabled,fi_drop_veto_threshold,fi_disagreement_penalty_scale,fi_disagreement_threshold,fi_null_enabled,fi_null_mode,fi_null_quantile,fi_null_alpha_low_data,fi_bootstrap_enabled,fi_bootstrap_min_freq,fi_bootstrap_rescue_global_floor,fi_perm_var_penalty_very_low_data_scale,perm_repeats,perm_min_pass_rate,fi_drop_min_pass_rate,fi_drop_epsilon,fi_drop_min_pass_rate_very_low_data,fi_drop_epsilon_very_low_data,cv_low_data_np_ratio
result\past\run_cantilever_beam_20260402_112848_376561_d014,cantilever_beam,"H,b1,b2,h1",4,0,1,1,0.55,0.25,and,0.6,0.42,or,True,0.08,0.79,2,True,0.03,0.55,0.25,True,soft,0.85,0.45,True,0.73,0.75,0.2,5,0.6,0.6,0.06,0.35,0.02,15.0
result\past\run_cantilever_beam_20260402_113115_540649_cafe,cantilever_beam,"H,b1,b2,h1",4,0,1,1,0.55,0.25,and,0.6,0.42,or,True,0.08,0.79,2,True,0.03,0.55,0.25,True,soft,0.85,0.45,True,0.73,0.75,0.2,5,0.6,0.6,0.06,0.35,0.02,15.0
result\past\run_cantilever_beam_20260402_113349_569983_98ed,cantilever_beam,"H,b1,b2,h1",4,0,1,1,0.55,0.25,and,0.6,0.42,or,True,0.08,0.79,2,True,0.03,0.55,0.25,True,soft,0.85,0.45,True,0.73,0.75,0.2,5,0.6,0.6,0.06,0.35,0.02,15.0
result\past\run_cantilever_beam_20260402_113634_241333_fe9e,cantilever_beam,"H,b1,b2,h1",4,0,1,1,0.55,0.25,and,0.6,0.42,or,True,0.08,0.79,2,True,0.03,0.55,0.25,True,soft,0.85,0.45,True,0.73,0.75,0.2,5,0.6,0.6,0.06,0.35,0.02,15.0
result\past\run_cantilever_beam_20260402_113932_750522_cd7d,cantilever_beam,"H,b1,b2,h1",4,0,1,1,0.55,0.25,and,0.6,0.42,or,True,0.08,0.79,2,True,0.03,0.55,0.25,True,soft,0.85,0.45,True,0.73,0.75,0.2,5,0.6,0.6,0.06,0.35,0.02,15.0
result\past\run_cantilever_beam_20260402_114226_239217_37bd,cantilever_beam,"H,b1,b2,h1",4,0,1,1,0.55,0.25,and,0.6,0.42,or,True,0.08,0.79,2,True,0.03,0.55,0.25,True,soft,0.85,0.45,True,0.73,0.75,0.2,5,0.6,0.6,0.06,0.35,0.02,15.0
result\past\run_cantilever_beam_20260402_114510_288883_5b94,cantilever_beam,"H,b1,b2,h1",4,0,1,1,0.55,0.25,and,0.6,0.42,or,True,0.08,0.79,2,True,0.03,0.55,0.25,True,soft,0.85,0.45,True,0.73,0.75,0.2,5,0.6,0.6,0.06,0.35,0.02,15.0
result\past\run_cantilever_beam_20260402_114758_744197_1549,cantilever_beam,"H,b1,b2,h1",4,0,1,1,0.55,0.25,and,0.6,0.42,or,True,0.08,0.79,2,True,0.03,0.55,0.25,True,soft,0.85,0.45,True,0.73,0.75,0.2,5,0.6,0.6,0.06,0.35,0.02,15.0
result\past\run_cantilever_beam_20260402_115039_449468_d16f,cantilever_beam,"H,b1,b2,h1",4,0,1,1,0.55,0.25,and,0.6,0.42,or,True,0.08,0.79,2,True,0.03,0.55,0.25,True,soft,0.85,0.45,True,0.73,0.75,0.2,5,0.6,0.6,0.06,0.35,0.02,15.0
result\past\run_cantilever_beam_20260402_115332_939364_1925,cantilever_beam,"H,b1,b2,h1",4,0,1,1,0.55,0.25,and,0.6,0.42,or,True,0.08,0.79,2,True,0.03,0.55,0.25,True,soft,0.85,0.45,True,0.73,0.75,0.2,5,0.6,0.6,0.06,0.35,0.02,15.0
result\past\run_cantilever_beam_20260402_115554_027210_2180,cantilever_beam,"H,b1,b2,h1",4,0,1,1,0.55,0.25,and,0.6,0.42,or,True,0.08,0.79,2,True,0.03,0.55,0.25,True,soft,0.85,0.45,True,0.73,0.75,0.2,5,0.6,0.6,0.06,0.35,0.02,15.0
result\past\run_cantilever_beam_20260402_115847_054336_ee41,cantilever_beam,"H,b1,b2,h1",4,0,1,1,0.55,0.25,and,0.6,0.42,or,True,0.08,0.79,2,True,0.03,0.55,0.25,True,soft,0.85,0.45,True,0.73,0.75,0.2,5,0.6,0.6,0.06,0.35,0.02,15.0
result\past\run_cantilever_beam_20260402_120128_439221_01e0,cantilever_beam,"H,b1,b2,h1",4,0,1,1,0.55,0.25,and,0.6,0.42,or,True,0.08,0.79,2,True,0.03,0.55,0.25,True,soft,0.85,0.45,True,0.73,0.75,0.2,5,0.6,0.6,0.06,0.35,0.02,15.0
result\past\run_cantilever_beam_20260402_120337_429424_3a2c,cantilever_beam,"H,b1,b2,h1",4,0,1,1,0.55,0.25,and,0.6,0.42,or,True,0.08,0.79,2,True,0.03,0.55,0.25,True,soft,0.85,0.45,True,0.73,0.75,0.2,5,0.6,0.6,0.06,0.35,0.02,15.0
result\past\run_cantilever_beam_20260402_120625_718535_b30d,cantilever_beam,"H,b1,b2,h1",4,0,1,1,0.55,0.25,and,0.6,0.42,or,True,0.08,0.79,2,True,0.03,0.55,0.25,True,soft,0.85,0.45,True,0.73,0.75,0.2,5,0.6,0.6,0.06,0.35,0.02,15.0
result\past\run_cantilever_beam_20260402_120852_395008_d129,cantilever_beam,"H,b1,b2,h1",4,0,1,1,0.55,0.25,and,0.6,0.42,or,True,0.08,0.79,2,True,0.03,0.55,0.25,True,soft,0.85,0.45,True,0.73,0.75,0.2,5,0.6,0.6,0.06,0.35,0.02,15.0
result\past\run_cantilever_beam_20260402_121132_498868_af4d,cantilever_beam,"H,b1,b2,h1",4,0,1,1,0.55,0.25,and,0.6,0.42,or,True,0.08,0.79,2,True,0.03,0.55,0.25,True,soft,0.85,0.45,True,0.73,0.75,0.2,5,0.6,0.6,0.06,0.35,0.02,15.0
result\past\run_cantilever_beam_20260402_121403_492161_1954,cantilever_beam,"H,b1,b2,h1",4,0,1,1,0.55,0.25,and,0.6,0.42,or,True,0.08,0.79,2,True,0.03,0.55,0.25,True,soft,0.85,0.45,True,0.73,0.75,0.2,5,0.6,0.6,0.06,0.35,0.02,15.0
result\past\run_cantilever_beam_20260402_121649_263080_848a,cantilever_beam,"H,b1,b2,h1",4,0,1,1,0.55,0.25,and,0.6,0.42,or,True,0.08,0.79,2,True,0.03,0.55,0.25,True,soft,0.85,0.45,True,0.73,0.75,0.2,5,0.6,0.6,0.06,0.35,0.02,15.0
result\past\run_cantilever_beam_20260402_121938_702141_b7fa,cantilever_beam,"H,b1,b2,h1",4,0,1,1,0.55,0.25,and,0.6,0.42,or,True,0.08,0.79,2,True,0.03,0.55,0.25,True,soft,0.85,0.45,True,0.73,0.75,0.2,5,0.6,0.6,0.06,0.35,0.02,15.0
result\past\run_cantilever_beam_20260402_122201_253479_5bba,cantilever_beam,"H,b1,b2,h1",4,0,1,1,0.55,0.25,and,0.6,0.42,or,True,0.08,0.79,2,True,0.03,0.55,0.25,True,soft,0.85,0.45,True,0.73,0.75,0.2,5,0.6,0.6,0.06,0.35,0.02,15.0
result\past\run_cantilever_beam_20260402_122418_336014_dddc,cantilever_beam,"H,b1,b2,h1",4,0,1,1,0.55,0.25,and,0.6,0.42,or,True,0.08,0.79,2,True,0.03,0.55,0.25,True,soft,0.85,0.45,True,0.73,0.75,0.2,5,0.6,0.6,0.06,0.35,0.02,15.0
result\past\run_cantilever_beam_20260402_122704_426942_3aee,cantilever_beam,"H,b1,b2,h1",4,0,1,1,0.55,0.25,and,0.6,0.42,or,True,0.08,0.79,2,True,0.03,0.55,0.25,True,soft,0.85,0.45,True,0.73,0.75,0.2,5,0.6,0.6,0.06,0.35,0.02,15.0
result\past\run_cantilever_beam_20260402_122950_067452_4042,cantilever_beam,"H,b1,b2,h1",4,0,1,1,0.55,0.25,and,0.6,0.42,or,True,0.08,0.79,2,True,0.03,0.55,0.25,True,soft,0.85,0.45,True,0.73,0.75,0.2,5,0.6,0.6,0.06,0.35,0.02,15.0
result\past\run_cantilever_beam_20260402_123243_764842_d0af,cantilever_beam,"H,b1,b2,h1",4,0,1,1,0.55,0.25,and,0.6,0.42,or,True,0.08,0.79,2,True,0.03,0.55,0.25,True,soft,0.85,0.45,True,0.73,0.75,0.2,5,0.6,0.6,0.06,0.35,0.02,15.0
result\past\run_goldstein_price_20260402_123527_424274_a43a,goldstein_price,x2,1,0,0,0,0.55,0.25,and,0.6,0.42,or,True,0.08,0.79,2,True,0.03,0.55,0.25,True,soft,0.85,0.45,True,0.73,0.75,0.2,5,0.6,0.6,0.06,0.35,0.02,15.0
result\past\run_goldstein_price_20260402_123621_147464_fdef,goldstein_price,"x1,x2",2,0,1,1,0.55,0.25,and,0.6,0.42,or,True,0.08,0.79,2,True,0.03,0.55,0.25,True,soft,0.85,0.45,True,0.73,0.75,0.2,5,0.6,0.6,0.06,0.35,0.02,15.0
result\past\run_goldstein_price_20260402_123714_947642_f9bd,goldstein_price,"x1,x2",2,0,1,1,0.55,0.25,and,0.6,0.42,or,True,0.08,0.79,2,True,0.03,0.55,0.25,True,soft,0.85,0.45,True,0.73,0.75,0.2,5,0.6,0.6,0.06,0.35,0.02,15.0
result\past\run_goldstein_price_20260402_123804_903383_e932,goldstein_price,"x1,x2",2,0,1,1,0.55,0.25,and,0.6,0.42,or,True,0.08,0.79,2,True,0.03,0.55,0.25,True,soft,0.85,0.45,True,0.73,0.75,0.2,5,0.6,0.6,0.06,0.35,0.02,15.0
result\past\run_goldstein_price_20260402_123909_307048_a2d2,goldstein_price,"x1,x2",2,0,1,1,0.55,0.25,and,0.6,0.42,or,True,0.08,0.79,2,True,0.03,0.55,0.25,True,soft,0.85,0.45,True,0.73,0.75,0.2,5,0.6,0.6,0.06,0.35,0.02,15.0
result\past\run_goldstein_price_20260402_124004_739287_1b5f,goldstein_price,"x1,x2",2,0,1,1,0.55,0.25,and,0.6,0.42,or,True,0.08,0.79,2,True,0.03,0.55,0.25,True,soft,0.85,0.45,True,0.73,0.75,0.2,5,0.6,0.6,0.06,0.35,0.02,15.0
result\past\run_goldstein_price_20260402_124049_257049_9f19,goldstein_price,"x1,x2",2,0,1,1,0.55,0.25,and,0.6,0.42,or,True,0.08,0.79,2,True,0.03,0.55,0.25,True,soft,0.85,0.45,True,0.73,0.75,0.2,5,0.6,0.6,0.06,0.35,0.02,15.0
result\past\run_goldstein_price_20260402_124139_844630_3386,goldstein_price,"x1,x2",2,0,1,1,0.55,0.25,and,0.6,0.42,or,True,0.08,0.79,2,True,0.03,0.55,0.25,True,soft,0.85,0.45,True,0.73,0.75,0.2,5,0.6,0.6,0.06,0.35,0.02,15.0
result\past\run_goldstein_price_20260402_124235_597853_e0f6,goldstein_price,"x1,x2",2,0,1,1,0.55,0.25,and,0.6,0.42,or,True,0.08,0.79,2,True,0.03,0.55,0.25,True,soft,0.85,0.45,True,0.73,0.75,0.2,5,0.6,0.6,0.06,0.35,0.02,15.0
result\past\run_goldstein_price_20260402_124328_474886_2412,goldstein_price,"x1,x2",2,0,1,1,0.55,0.25,and,0.6,0.42,or,True,0.08,0.79,2,True,0.03,0.55,0.25,True,soft,0.85,0.45,True,0.73,0.75,0.2,5,0.6,0.6,0.06,0.35,0.02,15.0
result\past\run_goldstein_price_20260402_124417_355163_59f2,goldstein_price,"x1,x2",2,0,1,1,0.55,0.25,and,0.6,0.42,or,True,0.08,0.79,2,True,0.03,0.55,0.25,True,soft,0.85,0.45,True,0.73,0.75,0.2,5,0.6,0.6,0.06,0.35,0.02,15.0
result\past\run_goldstein_price_20260402_124500_545194_6e00,goldstein_price,"x1,x2",2,0,1,1,0.55,0.25,and,0.6,0.42,or,True,0.08,0.79,2,True,0.03,0.55,0.25,True,soft,0.85,0.45,True,0.73,0.75,0.2,5,0.6,0.6,0.06,0.35,0.02,15.0
result\past\run_goldstein_price_20260402_124552_663531_ac8e,goldstein_price,"x1,x2",2,0,1,1,0.55,0.25,and,0.6,0.42,or,True,0.08,0.79,2,True,0.03,0.55,0.25,True,soft,0.85,0.45,True,0.73,0.75,0.2,5,0.6,0.6,0.06,0.35,0.02,15.0
result\past\run_goldstein_price_20260402_124633_949139_d00b,goldstein_price,"x1,x2",2,0,1,1,0.55,0.25,and,0.6,0.42,or,True,0.08,0.79,2,True,0.03,0.55,0.25,True,soft,0.85,0.45,True,0.73,0.75,0.2,5,0.6,0.6,0.06,0.35,0.02,15.0
result\past\run_goldstein_price_20260402_124717_013687_b8ae,goldstein_price,"x1,x2",2,0,1,1,0.55,0.25,and,0.6,0.42,or,True,0.08,0.79,2,True,0.03,0.55,0.25,True,soft,0.85,0.45,True,0.73,0.75,0.2,5,0.6,0.6,0.06,0.35,0.02,15.0
result\past\run_goldstein_price_20260402_124809_901447_84a5,goldstein_price,"x1,x2",2,0,1,1,0.55,0.25,and,0.6,0.42,or,True,0.08,0.79,2,True,0.03,0.55,0.25,True,soft,0.85,0.45,True,0.73,0.75,0.2,5,0.6,0.6,0.06,0.35,0.02,15.0
result\past\run_goldstein_price_20260402_124851_767117_e2e8,goldstein_price,"x1,x2",2,0,1,1,0.55,0.25,and,0.6,0.42,or,True,0.08,0.79,2,True,0.03,0.55,0.25,True,soft,0.85,0.45,True,0.73,0.75,0.2,5,0.6,0.6,0.06,0.35,0.02,15.0
result\past\run_goldstein_price_20260402_124940_719122_f5b2,goldstein_price,"x1,x2",2,0,1,1,0.55,0.25,and,0.6,0.42,or,True,0.08,0.79,2,True,0.03,0.55,0.25,True,soft,0.85,0.45,True,0.73,0.75,0.2,5,0.6,0.6,0.06,0.35,0.02,15.0
result\past\run_goldstein_price_20260402_125025_214240_78f2,goldstein_price,"x1,x2",2,0,1,1,0.55,0.25,and,0.6,0.42,or,True,0.08,0.79,2,True,0.03,0.55,0.25,True,soft,0.85,0.45,True,0.73,0.75,0.2,5,0.6,0.6,0.06,0.35,0.02,15.0
result\past\run_goldstein_price_20260402_125113_742563_1a99,goldstein_price,"x1,x2",2,0,1,1,0.55,0.25,and,0.6,0.42,or,True,0.08,0.79,2,True,0.03,0.55,0.25,True,soft,0.85,0.45,True,0.73,0.75,0.2,5,0.6,0.6,0.06,0.35,0.02,15.0
result\past\run_goldstein_price_20260402_125157_097548_2320,goldstein_price,"x1,x2",2,0,1,1,0.55,0.25,and,0.6,0.42,or,True,0.08,0.79,2,True,0.03,0.55,0.25,True,soft,0.85,0.45,True,0.73,0.75,0.2,5,0.6,0.6,0.06,0.35,0.02,15.0
result\past\run_goldstein_price_20260402_125239_238362_d655,goldstein_price,"x1,x2",2,0,1,1,0.55,0.25,and,0.6,0.42,or,True,0.08,0.79,2,True,0.03,0.55,0.25,True,soft,0.85,0.45,True,0.73,0.75,0.2,5,0.6,0.6,0.06,0.35,0.02,15.0
result\past\run_goldstein_price_20260402_125325_011632_d979,goldstein_price,"x1,x2",2,0,1,1,0.55,0.25,and,0.6,0.42,or,True,0.08,0.79,2,True,0.03,0.55,0.25,True,soft,0.85,0.45,True,0.73,0.75,0.2,5,0.6,0.6,0.06,0.35,0.02,15.0
result\past\run_goldstein_price_20260402_125405_928152_51a1,goldstein_price,"x1,x2",2,0,1,1,0.55,0.25,and,0.6,0.42,or,True,0.08,0.79,2,True,0.03,0.55,0.25,True,soft,0.85,0.45,True,0.73,0.75,0.2,5,0.6,0.6,0.06,0.35,0.02,15.0
result\past\run_goldstein_price_20260402_125446_200429_14f9,goldstein_price,"x1,x2",2,0,1,1,0.55,0.25,and,0.6,0.42,or,True,0.08,0.79,2,True,0.03,0.55,0.25,True,soft,0.85,0.45,True,0.73,0.75,0.2,5,0.6,0.6,0.06,0.35,0.02,15.0
result\past\run_goldstein_price_20260402_125528_692996_122a,goldstein_price,"x1,x2",2,0,1,1,0.55,0.25,and,0.6,0.42,or,True,0.08,0.79,2,True,0.03,0.55,0.25,True,soft,0.85,0.45,True,0.73,0.75,0.2,5,0.6,0.6,0.06,0.35,0.02,15.0
result\past\run_goldstein_price_20260402_125627_015293_c0df,goldstein_price,"x1,x2",2,0,1,1,0.55,0.25,and,0.6,0.42,or,True,0.08,0.79,2,True,0.03,0.55,0.25,True,soft,0.85,0.45,True,0.73,0.75,0.2,5,0.6,0.6,0.06,0.35,0.02,15.0
result\past\run_goldstein_price_20260402_125712_667772_8e86,goldstein_price,"x1,x2",2,0,1,1,0.55,0.25,and,0.6,0.42,or,True,0.08,0.79,2,True,0.03,0.55,0.25,True,soft,0.85,0.45,True,0.73,0.75,0.2,5,0.6,0.6,0.06,0.35,0.02,15.0
result\past\run_goldstein_price_20260402_125810_617221_6fb6,goldstein_price,"x1,x2",2,0,1,1,0.55,0.25,and,0.6,0.42,or,True,0.08,0.79,2,True,0.03,0.55,0.25,True,soft,0.85,0.45,True,0.73,0.75,0.2,5,0.6,0.6,0.06,0.35,0.02,15.0
result\past\run_goldstein_price_20260402_125859_168698_9d38,goldstein_price,"x1,x2",2,0,1,1,0.55,0.25,and,0.6,0.42,or,True,0.08,0.79,2,True,0.03,0.55,0.25,True,soft,0.85,0.45,True,0.73,0.75,0.2,5,0.6,0.6,0.06,0.35,0.02,15.0
result\past\run_goldstein_price_20260402_125942_497132_7dee,goldstein_price,"x1,x2",2,0,1,1,0.55,0.25,and,0.6,0.42,or,True,0.08,0.79,2,True,0.03,0.55,0.25,True,soft,0.85,0.45,True,0.73,0.75,0.2,5,0.6,0.6,0.06,0.35,0.02,15.0
result\past\run_goldstein_price_20260402_130040_364435_fcf7,goldstein_price,"x1,x2",2,0,1,1,0.55,0.25,and,0.6,0.42,or,True,0.08,0.79,2,True,0.03,0.55,0.25,True,soft,0.85,0.45,True,0.73,0.75,0.2,5,0.6,0.6,0.06,0.35,0.02,15.0
result\past\run_goldstein_price_20260402_130129_367214_dd9f,goldstein_price,"x1,x2",2,0,1,1,0.55,0.25,and,0.6,0.42,or,True,0.08,0.79,2,True,0.03,0.55,0.25,True,soft,0.85,0.45,True,0.73,0.75,0.2,5,0.6,0.6,0.06,0.35,0.02,15.0
result\past\run_goldstein_price_20260402_130229_262016_2ee0,goldstein_price,"x1,x2",2,0,1,1,0.55,0.25,and,0.6,0.42,or,True,0.08,0.79,2,True,0.03,0.55,0.25,True,soft,0.85,0.45,True,0.73,0.75,0.2,5,0.6,0.6,0.06,0.35,0.02,15.0
result\past\run_goldstein_price_20260402_130311_143724_bc5e,goldstein_price,"x1,x2",2,0,1,1,0.55,0.25,and,0.6,0.42,or,True,0.08,0.79,2,True,0.03,0.55,0.25,True,soft,0.85,0.45,True,0.73,0.75,0.2,5,0.6,0.6,0.06,0.35,0.02,15.0
result\past\run_goldstein_price_20260402_130353_179189_2437,goldstein_price,"x1,x2",2,0,1,1,0.55,0.25,and,0.6,0.42,or,True,0.08,0.79,2,True,0.03,0.55,0.25,True,soft,0.85,0.45,True,0.73,0.75,0.2,5,0.6,0.6,0.06,0.35,0.02,15.0
result\past\run_goldstein_price_20260402_130440_132997_abc1,goldstein_price,"x1,x2",2,0,1,1,0.55,0.25,and,0.6,0.42,or,True,0.08,0.79,2,True,0.03,0.55,0.25,True,soft,0.85,0.45,True,0.73,0.75,0.2,5,0.6,0.6,0.06,0.35,0.02,15.0
result\past\run_goldstein_price_20260402_130532_935229_0133,goldstein_price,"x1,x2",2,0,1,1,0.55,0.25,and,0.6,0.42,or,True,0.08,0.79,2,True,0.03,0.55,0.25,True,soft,0.85,0.45,True,0.73,0.75,0.2,5,0.6,0.6,0.06,0.35,0.02,15.0
result\past\run_goldstein_price_20260402_130625_028558_879a,goldstein_price,"x1,x2",2,0,1,1,0.55,0.25,and,0.6,0.42,or,True,0.08,0.79,2,True,0.03,0.55,0.25,True,soft,0.85,0.45,True,0.73,0.75,0.2,5,0.6,0.6,0.06,0.35,0.02,15.0
result\past\run_goldstein_price_20260402_130706_342023_d105,goldstein_price,"x1,x2",2,0,1,1,0.55,0.25,and,0.6,0.42,or,True,0.08,0.79,2,True,0.03,0.55,0.25,True,soft,0.85,0.45,True,0.73,0.75,0.2,5,0.6,0.6,0.06,0.35,0.02,15.0
result\past\run_goldstein_price_20260402_130756_048733_d7b7,goldstein_price,"x1,x2",2,0,1,1,0.55,0.25,and,0.6,0.42,or,True,0.08,0.79,2,True,0.03,0.55,0.25,True,soft,0.85,0.45,True,0.73,0.75,0.2,5,0.6,0.6,0.06,0.35,0.02,15.0
result\past\run_goldstein_price_20260402_130841_866688_71d7,goldstein_price,"x1,x2",2,0,1,1,0.55,0.25,and,0.6,0.42,or,True,0.08,0.79,2,True,0.03,0.55,0.25,True,soft,0.85,0.45,True,0.73,0.75,0.2,5,0.6,0.6,0.06,0.35,0.02,15.0
result\past\run_goldstein_price_20260402_130931_557069_f57e,goldstein_price,"x1,x2",2,0,1,1,0.55,0.25,and,0.6,0.42,or,True,0.08,0.79,2,True,0.03,0.55,0.25,True,soft,0.85,0.45,True,0.73,0.75,0.2,5,0.6,0.6,0.06,0.35,0.02,15.0
result\past\run_goldstein_price_20260402_131015_587285_7098,goldstein_price,"x1,x2",2,0,1,1,0.55,0.25,and,0.6,0.42,or,True,0.08,0.79,2,True,0.03,0.55,0.25,True,soft,0.85,0.45,True,0.73,0.75,0.2,5,0.6,0.6,0.06,0.35,0.02,15.0
result\past\run_goldstein_price_20260402_131055_636338_80d6,goldstein_price,"x1,x2",2,0,1,1,0.55,0.25,and,0.6,0.42,or,True,0.08,0.79,2,True,0.03,0.55,0.25,True,soft,0.85,0.45,True,0.73,0.75,0.2,5,0.6,0.6,0.06,0.35,0.02,15.0
result\past\run_goldstein_price_20260402_131144_279227_aeeb,goldstein_price,"x1,x2",2,0,1,1,0.55,0.25,and,0.6,0.42,or,True,0.08,0.79,2,True,0.03,0.55,0.25,True,soft,0.85,0.45,True,0.73,0.75,0.2,5,0.6,0.6,0.06,0.35,0.02,15.0
result\past\run_goldstein_price_20260402_131232_519274_a849,goldstein_price,"x1,x2",2,0,1,1,0.55,0.25,and,0.6,0.42,or,True,0.08,0.79,2,True,0.03,0.55,0.25,True,soft,0.85,0.45,True,0.73,0.75,0.2,5,0.6,0.6,0.06,0.35,0.02,15.0
result\past\run_goldstein_price_20260402_131312_506546_9da8,goldstein_price,"x1,x2",2,0,1,1,0.55,0.25,and,0.6,0.42,or,True,0.08,0.79,2,True,0.03,0.55,0.25,True,soft,0.85,0.45,True,0.73,0.75,0.2,5,0.6,0.6,0.06,0.35,0.02,15.0
result\past\run_goldstein_price_20260402_131402_544511_76e7,goldstein_price,"x1,x2",2,0,1,1,0.55,0.25,and,0.6,0.42,or,True,0.08,0.79,2,True,0.03,0.55,0.25,True,soft,0.85,0.45,True,0.73,0.75,0.2,5,0.6,0.6,0.06,0.35,0.02,15.0
result\past\run_goldstein_price_20260402_131454_113726_2307,goldstein_price,"x1,x2",2,0,1,1,0.55,0.25,and,0.6,0.42,or,True,0.08,0.79,2,True,0.03,0.55,0.25,True,soft,0.85,0.45,True,0.73,0.75,0.2,5,0.6,0.6,0.06,0.35,0.02,15.0
result\past\run_rosenbrock_20260402_111532_203244_ea8a,rosenbrock,"x1,x2,x3,x4,x5",5,0,1,1,0.55,0.25,and,0.6,0.42,or,True,0.08,0.79,2,True,0.03,0.55,0.25,True,soft,0.85,0.45,True,0.73,0.75,0.2,5,0.6,0.6,0.06,0.35,0.02,15.0
result\past\run_rosenbrock_20260402_111645_016906_9920,rosenbrock,"x1,x2,x3,x4,x5",5,0,1,1,0.55,0.25,and,0.6,0.42,or,True,0.08,0.79,2,True,0.03,0.55,0.25,True,soft,0.85,0.45,True,0.73,0.75,0.2,5,0.6,0.6,0.06,0.35,0.02,15.0
result\past\run_rosenbrock_20260402_111754_617426_6b20,rosenbrock,"x1,x2,x3,x4,x5",5,0,1,1,0.55,0.25,and,0.6,0.42,or,True,0.08,0.79,2,True,0.03,0.55,0.25,True,soft,0.85,0.45,True,0.73,0.75,0.2,5,0.6,0.6,0.06,0.35,0.02,15.0
result\past\run_rosenbrock_20260402_111905_686681_6294,rosenbrock,"x1,x2,x3,x4,x5",5,0,1,1,0.55,0.25,and,0.6,0.42,or,True,0.08,0.79,2,True,0.03,0.55,0.25,True,soft,0.85,0.45,True,0.73,0.75,0.2,5,0.6,0.6,0.06,0.35,0.02,15.0
result\past\run_rosenbrock_20260402_112032_700453_c6a7,rosenbrock,"x1,x2,x3,x4,x5",5,0,1,1,0.55,0.25,and,0.6,0.42,or,True,0.08,0.79,2,True,0.03,0.55,0.25,True,soft,0.85,0.45,True,0.73,0.75,0.2,5,0.6,0.6,0.06,0.35,0.02,15.0
result\past\run_rosenbrock_20260402_112146_909491_39f0,rosenbrock,"x1,x2,x3,x4,x5",5,0,1,1,0.55,0.25,and,0.6,0.42,or,True,0.08,0.79,2,True,0.03,0.55,0.25,True,soft,0.85,0.45,True,0.73,0.75,0.2,5,0.6,0.6,0.06,0.35,0.02,15.0
result\past\run_rosenbrock_20260402_112301_896904_0886,rosenbrock,"x1,x2,x3,x4,x5",5,0,1,1,0.55,0.25,and,0.6,0.42,or,True,0.08,0.79,2,True,0.03,0.55,0.25,True,soft,0.85,0.45,True,0.73,0.75,0.2,5,0.6,0.6,0.06,0.35,0.02,15.0
result\past\run_rosenbrock_20260402_112450_857444_204b,rosenbrock,"x1,x2,x3,x4,x5",5,0,1,1,0.55,0.25,and,0.6,0.42,or,True,0.08,0.79,2,True,0.03,0.55,0.25,True,soft,0.85,0.45,True,0.73,0.75,0.2,5,0.6,0.6,0.06,0.35,0.02,15.0
result\past\run_rosenbrock_20260402_112619_389717_8409,rosenbrock,"x1,x2,x3,x4,x5",5,0,1,1,0.55,0.25,and,0.6,0.42,or,True,0.08,0.79,2,True,0.03,0.55,0.25,True,soft,0.85,0.45,True,0.73,0.75,0.2,5,0.6,0.6,0.06,0.35,0.02,15.0
result\past\run_rosenbrock_20260402_112731_427779_b237,rosenbrock,"x1,x2,x3,x4,x5",5,0,1,1,0.55,0.25,and,0.6,0.42,or,True,0.08,0.79,2,True,0.03,0.55,0.25,True,soft,0.85,0.45,True,0.73,0.75,0.2,5,0.6,0.6,0.06,0.35,0.02,15.0
result\past\run_six_hump_camel_20260402_131535_281540_6575,six_hump_camel,"x1,x2",2,0,1,1,0.55,0.25,and,0.6,0.42,or,True,0.08,0.79,2,True,0.03,0.55,0.25,True,soft,0.85,0.45,True,0.73,0.75,0.2,5,0.6,0.6,0.06,0.35,0.02,15.0
result\past\run_six_hump_camel_20260402_131758_855495_40c2,six_hump_camel,"x1,x2",2,0,1,1,0.55,0.25,and,0.6,0.42,or,True,0.08,0.79,2,True,0.03,0.55,0.25,True,soft,0.85,0.45,True,0.73,0.75,0.2,5,0.6,0.6,0.06,0.35,0.02,15.0
result\past\run_six_hump_camel_20260402_131935_493395_1af1,six_hump_camel,"x1,x2",2,0,1,1,0.55,0.25,and,0.6,0.42,or,True,0.08,0.79,2,True,0.03,0.55,0.25,True,soft,0.85,0.45,True,0.73,0.75,0.2,5,0.6,0.6,0.06,0.35,0.02,15.0
result\past\run_six_hump_camel_20260402_132139_056714_ac68,six_hump_camel,"x1,x2",2,0,1,1,0.55,0.25,and,0.6,0.42,or,True,0.08,0.79,2,True,0.03,0.55,0.25,True,soft,0.85,0.45,True,0.73,0.75,0.2,5,0.6,0.6,0.06,0.35,0.02,15.0
result\past\run_six_hump_camel_20260402_132335_060965_00e5,six_hump_camel,"x1,x2",2,0,1,1,0.55,0.25,and,0.6,0.42,or,True,0.08,0.79,2,True,0.03,0.55,0.25,True,soft,0.85,0.45,True,0.73,0.75,0.2,5,0.6,0.6,0.06,0.35,0.02,15.0
result\past\run_six_hump_camel_20260402_132542_230210_bf7e,six_hump_camel,"x1,x2",2,0,1,1,0.55,0.25,and,0.6,0.42,or,True,0.08,0.79,2,True,0.03,0.55,0.25,True,soft,0.85,0.45,True,0.73,0.75,0.2,5,0.6,0.6,0.06,0.35,0.02,15.0
result\past\run_six_hump_camel_20260402_132715_003438_c887,six_hump_camel,"x1,x2",2,0,1,1,0.55,0.25,and,0.6,0.42,or,True,0.08,0.79,2,True,0.03,0.55,0.25,True,soft,0.85,0.45,True,0.73,0.75,0.2,5,0.6,0.6,0.06,0.35,0.02,15.0
result\past\run_six_hump_camel_20260402_132909_966296_cfa5,six_hump_camel,"x1,x2",2,0,1,1,0.55,0.25,and,0.6,0.42,or,True,0.08,0.79,2,True,0.03,0.55,0.25,True,soft,0.85,0.45,True,0.73,0.75,0.2,5,0.6,0.6,0.06,0.35,0.02,15.0
result\past\run_six_hump_camel_20260402_133042_142358_7038,six_hump_camel,"x1,x2",2,0,1,1,0.55,0.25,and,0.6,0.42,or,True,0.08,0.79,2,True,0.03,0.55,0.25,True,soft,0.85,0.45,True,0.73,0.75,0.2,5,0.6,0.6,0.06,0.35,0.02,15.0
result\past\run_six_hump_camel_20260402_133229_714773_e639,six_hump_camel,"d3,x1,x2",3,1,0,1,0.55,0.25,and,0.6,0.42,or,True,0.08,0.79,2,True,0.03,0.55,0.25,True,soft,0.85,0.45,True,0.73,0.75,0.2,5,0.6,0.6,0.06,0.35,0.02,15.0
result\past\run_six_hump_camel_20260402_133418_303156_5391,six_hump_camel,"x1,x2",2,0,1,1,0.55,0.25,and,0.6,0.42,or,True,0.08,0.79,2,True,0.03,0.55,0.25,True,soft,0.85,0.45,True,0.73,0.75,0.2,5,0.6,0.6,0.06,0.35,0.02,15.0
result\past\run_six_hump_camel_20260402_133637_750083_70c4,six_hump_camel,"d2,x1,x2",3,1,0,1,0.55,0.25,and,0.6,0.42,or,True,0.08,0.79,2,True,0.03,0.55,0.25,True,soft,0.85,0.45,True,0.73,0.75,0.2,5,0.6,0.6,0.06,0.35,0.02,15.0
result\past\run_six_hump_camel_20260402_133832_604322_2653,six_hump_camel,"x1,x2",2,0,1,1,0.55,0.25,and,0.6,0.42,or,True,0.08,0.79,2,True,0.03,0.55,0.25,True,soft,0.85,0.45,True,0.73,0.75,0.2,5,0.6,0.6,0.06,0.35,0.02,15.0
result\past\run_six_hump_camel_20260402_134045_075879_4950,six_hump_camel,"x1,x2",2,0,1,1,0.55,0.25,and,0.6,0.42,or,True,0.08,0.79,2,True,0.03,0.55,0.25,True,soft,0.85,0.45,True,0.73,0.75,0.2,5,0.6,0.6,0.06,0.35,0.02,15.0
result\past\run_six_hump_camel_20260402_134239_953137_9ee2,six_hump_camel,"x1,x2",2,0,1,1,0.55,0.25,and,0.6,0.42,or,True,0.08,0.79,2,True,0.03,0.55,0.25,True,soft,0.85,0.45,True,0.73,0.75,0.2,5,0.6,0.6,0.06,0.35,0.02,15.0
result\past\run_six_hump_camel_20260402_134421_386556_46f8,six_hump_camel,"x1,x2",2,0,1,1,0.55,0.25,and,0.6,0.42,or,True,0.08,0.79,2,True,0.03,0.55,0.25,True,soft,0.85,0.45,True,0.73,0.75,0.2,5,0.6,0.6,0.06,0.35,0.02,15.0
result\past\run_six_hump_camel_20260402_134603_539429_d85f,six_hump_camel,"x1,x2",2,0,1,1,0.55,0.25,and,0.6,0.42,or,True,0.08,0.79,2,True,0.03,0.55,0.25,True,soft,0.85,0.45,True,0.73,0.75,0.2,5,0.6,0.6,0.06,0.35,0.02,15.0
result\past\run_six_hump_camel_20260402_134743_668218_007a,six_hump_camel,"x1,x2",2,0,1,1,0.55,0.25,and,0.6,0.42,or,True,0.08,0.79,2,True,0.03,0.55,0.25,True,soft,0.85,0.45,True,0.73,0.75,0.2,5,0.6,0.6,0.06,0.35,0.02,15.0
result\past\run_six_hump_camel_20260402_135000_836947_6f3d,six_hump_camel,"d2,x1,x2",3,1,0,1,0.55,0.25,and,0.6,0.42,or,True,0.08,0.79,2,True,0.03,0.55,0.25,True,soft,0.85,0.45,True,0.73,0.75,0.2,5,0.6,0.6,0.06,0.35,0.02,15.0
result\past\run_six_hump_camel_20260402_135226_389141_23ba,six_hump_camel,"d3,x1,x2",3,1,0,1,0.55,0.25,and,0.6,0.42,or,True,0.08,0.79,2,True,0.03,0.55,0.25,True,soft,0.85,0.45,True,0.73,0.75,0.2,5,0.6,0.6,0.06,0.35,0.02,15.0
result\past\run_six_hump_camel_20260402_135423_862072_eb2c,six_hump_camel,"x1,x2",2,0,1,1,0.55,0.25,and,0.6,0.42,or,True,0.08,0.79,2,True,0.03,0.55,0.25,True,soft,0.85,0.45,True,0.73,0.75,0.2,5,0.6,0.6,0.06,0.35,0.02,15.0
result\past\run_six_hump_camel_20260402_135620_445530_3e76,six_hump_camel,"x1,x2",2,0,1,1,0.55,0.25,and,0.6,0.42,or,True,0.08,0.79,2,True,0.03,0.55,0.25,True,soft,0.85,0.45,True,0.73,0.75,0.2,5,0.6,0.6,0.06,0.35,0.02,15.0
result\past\run_six_hump_camel_20260402_135816_988855_d7be,six_hump_camel,"x1,x2",2,0,1,1,0.55,0.25,and,0.6,0.42,or,True,0.08,0.79,2,True,0.03,0.55,0.25,True,soft,0.85,0.45,True,0.73,0.75,0.2,5,0.6,0.6,0.06,0.35,0.02,15.0
result\past\run_six_hump_camel_20260402_140034_070041_40ee,six_hump_camel,"x1,x2",2,0,1,1,0.55,0.25,and,0.6,0.42,or,True,0.08,0.79,2,True,0.03,0.55,0.25,True,soft,0.85,0.45,True,0.73,0.75,0.2,5,0.6,0.6,0.06,0.35,0.02,15.0
result\past\run_six_hump_camel_20260402_140238_316559_3b49,six_hump_camel,"x1,x2",2,0,1,1,0.55,0.25,and,0.6,0.42,or,True,0.08,0.79,2,True,0.03,0.55,0.25,True,soft,0.85,0.45,True,0.73,0.75,0.2,5,0.6,0.6,0.06,0.35,0.02,15.0
