run,problem,feature,is_real,reason,final_score_adj,global_score,perm_selection_rate,drop_selection_rate,stability_pass,null_margin,disagreement,gap_filtered,drop_veto,bootstrap_freq,bootstrap_filtered,bootstrap_rescued
run_goldstein_price_20260326_181208_608231_46c2,goldstein_price,x2,True,weighted_vote_pass,0.9717411271911668,0.995,0.995,0.995,True,0.5395041666666668,0.0,,False,,,
run_goldstein_price_20260326_184456_640558_4b3f,goldstein_price,x2,True,weighted_vote_pass,0.9702737057740602,0.991,0.99,0.995,True,0.2413166666666667,0.005,,False,,,
run_goldstein_price_20260326_184456_640558_4b3f,goldstein_price,x1,True,weighted_vote_pass,0.9247097329523044,0.9481666666666666,0.955,0.9208333333333332,True,0.1648083333333331,0.0341666666666667,,False,,,
run_goldstein_price_20260326_184456_640558_4b3f,goldstein_price,d2,False,weighted_vote_pass,0.6240347500000001,0.7113333333333333,0.8183333333333332,0.2833333333333333,True,-0.0404516666666667,0.5349999999999999,,False,,,
run_goldstein_price_20260327_142403_823701_3247,goldstein_price,x2,True,weighted_vote_pass,0.9717411271911668,0.995,0.995,0.995,True,0.5395041666666668,0.0,False,False,,,
run_goldstein_price_20260327_142838_150505_099a,goldstein_price,x2,True,weighted_vote_pass,0.9786474175305172,0.996,0.995,1.0,True,0.2240583333333332,0.005,False,False,,,
run_goldstein_price_20260327_142838_150505_099a,goldstein_price,x1,True,weighted_vote_pass,0.9551666666666666,0.9551666666666666,0.965,0.9158333333333332,True,0.1945874999999999,0.0491666666666665,False,False,,,
run_goldstein_price_20260327_142838_150505_099a,goldstein_price,d1,False,weighted_vote_pass,0.569500125,0.7117499999999999,0.8474999999999999,0.1687499999999999,True,-0.0393533333333335,0.67875,False,False,,,
run_goldstein_price_20260327_144831_120602_cad2,goldstein_price,x2,True,weighted_vote_pass,0.9723114287647878,0.9955,0.995,0.9975,True,0.3226541666666667,0.0025,False,False,,,
run_goldstein_price_20260327_144831_120602_cad2,goldstein_price,x1,True,weighted_vote_pass,0.9585310047693588,0.96,0.96,0.96,True,0.2287166666666665,0.0,False,False,,,
run_goldstein_price_20260327_144831_120602_cad2,goldstein_price,d3,False,weighted_vote_pass,0.6498552327635553,0.7462500000000001,0.8708333333333333,0.2479166666666666,True,0.0494061666666667,0.6229166666666667,False,False,,,
run_goldstein_price_20260327_145632_087858_770a,goldstein_price,x2,True,weighted_vote_pass,0.9702737057740602,0.991,0.99,0.995,True,0.2413166666666667,0.005,False,False,,,
run_goldstein_price_20260327_145632_087858_770a,goldstein_price,x1,True,weighted_vote_pass,0.9247097329523044,0.9481666666666666,0.955,0.9208333333333332,True,0.1648083333333331,0.0341666666666667,False,False,,,
run_goldstein_price_20260327_145632_087858_770a,goldstein_price,d2,False,weighted_vote_pass,0.66678475,0.7113333333333333,0.8183333333333332,0.2833333333333333,True,-0.0404516666666667,0.5349999999999999,False,False,,,
run_goldstein_price_20260327_150337_937414_08fa,goldstein_price,x2,True,weighted_vote_pass,1.0,1.0,1.0,1.0,True,0.3327791666666666,0.0,False,False,,,
run_goldstein_price_20260327_150337_937414_08fa,goldstein_price,x1,True,weighted_vote_pass,0.9402431257146188,0.9531666666666668,0.9625,0.9158333333333332,True,0.2808125,0.0466666666666666,False,False,,,
run_goldstein_price_20260327_150337_937414_08fa,goldstein_price,d3,False,weighted_vote_pass,0.58323915,0.7018333333333333,0.8316666666666667,0.1825,True,0.0090218333333332,0.6491666666666667,False,False,,,
run_goldstein_price_20260330_160016_560717_0f8b,goldstein_price,x2,True,weighted_vote_pass,0.9717411271911668,0.995,0.995,0.995,True,0.5395041666666668,0.0,False,False,,,
run_goldstein_price_20260331_092636_604830_a335,goldstein_price,x2,True,weighted_vote_pass,0.9717411271911668,0.995,0.995,0.995,True,0.5395041666666668,0.0,False,False,,,
run_goldstein_price_20260331_144738_373804_08e3,goldstein_price,x2,True,weighted_vote_pass,0.9717411271911668,0.995,0.995,0.995,True,0.5395041666666668,0.0,False,False,,,
run_goldstein_price_20260331_184756_676256_ebf4,goldstein_price,x2,True,weighted_vote_pass,0.9717411271911668,0.995,0.995,0.995,True,0.5395041666666668,0.0,False,False,,,
run_goldstein_price_20260401_094851_100633_e099,goldstein_price,x2,True,weighted_vote_pass,0.9717411271911668,0.995,0.995,0.995,True,0.5395041666666668,0.0,False,False,,,
run_goldstein_price_20260401_124414_942052_69e6,goldstein_price,x2,True,weighted_vote_pass,0.9717411271911668,0.995,0.995,0.995,True,0.5395041666666668,0.0,False,False,,,
run_rosenbrock_20260327_082442_915524_f076,rosenbrock,x4,True,weighted_vote_pass,0.9868,0.9868,0.987,0.986,True,0.4346733333333334,0.001,,False,,,
run_rosenbrock_20260327_082442_915524_f076,rosenbrock,x3,True,weighted_vote_pass,0.9691194442675968,0.9846,0.984,0.987,True,0.4676783333333334,0.003,,False,,,
run_rosenbrock_20260327_082442_915524_f076,rosenbrock,x2,True,weighted_vote_pass,0.951643908292334,0.9828,0.983,0.982,True,0.4276916666666667,0.001,,False,,,
run_rosenbrock_20260327_082442_915524_f076,rosenbrock,x5,True,weighted_vote_pass,0.9371333333333334,0.9371333333333334,0.956,0.8616666666666666,True,0.4132,0.0943333333333333,,False,,,
run_rosenbrock_20260327_083543_793692_5cc8,rosenbrock,x2,True,weighted_vote_pass,0.9866,0.9866,0.987,0.985,True,0.4507733333333334,0.002,,False,,,
run_rosenbrock_20260327_083543_793692_5cc8,rosenbrock,x3,True,weighted_vote_pass,0.9776,0.9776,0.978,0.976,True,0.4520833333333333,0.0019999999999998,,False,,,
run_rosenbrock_20260327_083543_793692_5cc8,rosenbrock,x4,True,weighted_vote_pass,0.9628462341292636,0.9896,0.989,0.992,True,0.4283166666666669,0.0029999999999997,,False,,,
run_rosenbrock_20260327_083543_793692_5cc8,rosenbrock,x5,True,weighted_vote_pass,0.9468666666666667,0.9468666666666667,0.956,0.9103333333333332,True,0.4254700000000001,0.0456666666666666,,False,,,
run_rosenbrock_20260327_083930_608930_524d,rosenbrock,x3,True,weighted_vote_pass,0.9986,0.9986,0.999,0.997,True,0.4734533333333334,0.002,,False,,,
run_rosenbrock_20260327_083930_608930_524d,rosenbrock,x2,True,weighted_vote_pass,0.9854,0.9854,0.985,0.987,True,0.4373783333333334,0.002,,False,,,
run_rosenbrock_20260327_083930_608930_524d,rosenbrock,x4,True,weighted_vote_pass,0.9510711330554056,0.9702,0.97,0.971,True,0.4347933333333335,0.001,,False,,,
run_rosenbrock_20260327_083930_608930_524d,rosenbrock,x5,True,weighted_vote_pass,0.9091333333333332,0.9091333333333332,0.956,0.7216666666666666,True,0.3810483333333334,0.2343333333333334,,False,,,
run_rosenbrock_20260401_112619_456562_62aa,rosenbrock,x3,True,weighted_vote_pass,0.9962,0.9962,0.996,0.997,True,0.4546083333333335,0.001,False,False,,,
run_rosenbrock_20260401_112619_456562_62aa,rosenbrock,x4,True,weighted_vote_pass,0.970455688818654,0.9828,0.983,0.982,True,0.4172366666666668,0.001,False,False,,,
run_rosenbrock_20260401_112619_456562_62aa,rosenbrock,x2,True,weighted_vote_pass,0.9680217673732024,0.9760000000000002,0.976,0.976,True,0.4328450000000001,0.0,False,False,,,
run_rosenbrock_20260401_112619_456562_62aa,rosenbrock,x1,True,weighted_vote_pass,0.76825,0.8612,0.945,0.526,True,0.2595216666666666,0.4189999999999999,False,False,,,
run_six_hump_camel_20260326_185734_067610_802a,six_hump_camel,x1,True,weighted_vote_pass,0.9487919535491408,0.981,0.98375,0.9654166666666666,True,0.2603921875,0.0183333333333334,,False,1.0,,
run_six_hump_camel_20260326_185734_067610_802a,six_hump_camel,x2,True,weighted_vote_pass,0.8250477282783972,0.8627916666666665,0.8604166666666665,0.87625,True,0.1646489583333332,0.0158333333333334,,False,1.0,,
run_six_hump_camel_20260326_185734_067610_802a,six_hump_camel,d1,False,weighted_vote_pass,0.5568012598239217,0.6576145833333332,0.7095833333333332,0.363125,True,-0.0234246875,0.3464583333333332,,False,0.7,,
run_six_hump_camel_20260326_190407_515343_0b7b,six_hump_camel,x1,True,weighted_vote_pass,0.9568479872554452,0.9703125,0.9675,0.98625,True,0.2553463541666666,0.01875,,False,1.0,,
run_six_hump_camel_20260326_190407_515343_0b7b,six_hump_camel,x2,True,weighted_vote_pass,0.8558701877380746,0.8919999999999999,0.8912499999999999,0.8962499999999999,True,0.1653713541666666,0.005,,False,1.0,,
run_six_hump_camel_20260326_190407_515343_0b7b,six_hump_camel,d3,False,weighted_vote_pass,0.8156501792687889,0.8467499999999999,0.8749999999999999,0.6866666666666666,True,0.1427135416666667,0.1883333333333332,,False,1.0,,
run_six_hump_camel_20260326_190705_612117_577a,six_hump_camel,x1,True,weighted_vote_pass,0.94989894401926,0.976875,0.975,0.9875,True,0.194396875,0.0125,,False,1.0,,
run_six_hump_camel_20260326_190705_612117_577a,six_hump_camel,x2,True,weighted_vote_pass,0.797840083471787,0.8324687499999999,0.8637499999999999,0.6552083333333332,True,0.0432645833333332,0.2085416666666667,,False,1.0,,
run_six_hump_camel_20260326_190705_612117_577a,six_hump_camel,d2,False,weighted_vote_pass,0.7821258584455667,0.8215729166666667,0.8354166666666667,0.7431249999999999,True,0.0421973958333334,0.0922916666666667,,False,0.9,,
run_six_hump_camel_20260326_191124_594845_4e3d,six_hump_camel,x2,True,weighted_vote_pass,0.8431867646289419,0.8916249999999999,0.8987499999999999,0.85125,True,0.1633869791666666,0.0474999999999999,,False,0.9,,
run_six_hump_camel_20260326_191124_594845_4e3d,six_hump_camel,x1,True,weighted_vote_pass,0.8029630074181596,0.878875,0.865,0.9575,True,0.1329411458333333,0.0924999999999999,,False,1.0,,
run_six_hump_camel_20260326_191124_594845_4e3d,six_hump_camel,d2,False,weighted_vote_pass,0.7102394192363831,0.7778333333333333,0.7945833333333333,0.6829166666666666,True,0.0359630208333333,0.1116666666666666,,False,1.0,,
run_six_hump_camel_20260326_191239_169828_f814,six_hump_camel,x2,True,weighted_vote_pass,0.881928703346431,0.907375,0.91625,0.8570833333333333,True,0.1203567708333334,0.0591666666666665,,False,1.0,,
run_six_hump_camel_20260326_191239_169828_f814,six_hump_camel,x1,True,weighted_vote_pass,0.8142247490422427,0.8704166666666666,0.8829166666666666,0.7995833333333332,True,0.063853125,0.0833333333333333,,False,0.9,,
run_six_hump_camel_20260326_191239_169828_f814,six_hump_camel,d2,False,weighted_vote_pass,0.6885243259466233,0.7625,0.7799999999999999,0.6633333333333333,True,-0.0255180989583333,0.1166666666666665,,False,0.7,,
run_six_hump_camel_20260326_191645_910769_a05a,six_hump_camel,x2,True,weighted_vote_pass,0.8701795882257481,0.9025,0.8987499999999999,0.92375,True,0.1231541666666666,0.025,,False,1.0,,
run_six_hump_camel_20260326_191645_910769_a05a,six_hump_camel,x1,True,weighted_vote_pass,0.859977491655508,0.9021249999999998,0.905,0.8858333333333334,True,0.1245302083333332,0.0191666666666665,,False,0.9,,
run_six_hump_camel_20260326_191645_910769_a05a,six_hump_camel,d2,False,weighted_vote_pass,0.7502964910500921,0.8032916666666666,0.8079166666666666,0.7770833333333332,True,0.0284791666666668,0.0308333333333333,,False,0.7,,
run_six_hump_camel_20260326_191645_910769_a05a,six_hump_camel,d3,False,weighted_vote_pass,0.6729027645352031,0.7498333333333332,0.7795833333333333,0.58125,True,-0.0045217708333333,0.1983333333333332,,False,0.8,,
run_six_hump_camel_20260326_191835_352913_972e,six_hump_camel,x1,True,weighted_vote_pass,0.9423750354048436,0.960625,0.95875,0.97125,True,0.1589635416666668,0.0124999999999999,,False,1.0,,
run_six_hump_camel_20260326_191835_352913_972e,six_hump_camel,x2,True,weighted_vote_pass,0.8082172870618312,0.83246875,0.865,0.648125,True,0.0311059375000001,0.216875,,False,0.7,,
run_six_hump_camel_20260326_191835_352913_972e,six_hump_camel,d3,False,weighted_vote_pass,0.7149603551905978,0.7550937499999999,0.7762499999999999,0.6352083333333333,True,-0.067304427083333,0.1410416666666666,,False,0.9,,
run_six_hump_camel_20260326_191835_352913_972e,six_hump_camel,d2,False,weighted_vote_pass,0.5710919614648569,0.7063958333333333,0.7608333333333334,0.3979166666666666,True,-0.1197295572916663,0.3629166666666668,,False,0.7,,
run_six_hump_camel_20260327_104541_451488_de58,six_hump_camel,x1,True,weighted_vote_pass,0.9202387032469882,0.9393125,0.93625,0.9566666666666668,True,0.12326875,0.0204166666666667,,False,1.0,,
run_six_hump_camel_20260327_104541_451488_de58,six_hump_camel,x2,True,weighted_vote_pass,0.9134656449058656,0.9429999999999998,0.945,0.9316666666666666,True,0.1362166666666667,0.0133333333333333,,False,1.0,,
run_six_hump_camel_20260327_104541_451488_de58,six_hump_camel,d1,False,weighted_vote_pass,0.5907463218331632,0.6695104166666666,0.7141666666666666,0.4164583333333332,True,-0.1555082812499999,0.2977083333333333,,False,0.8,,
run_six_hump_camel_20260327_105310_804199_95ff,six_hump_camel,x1,True,weighted_vote_pass,0.9724642889713178,0.9875625,0.98625,0.995,True,0.2554973958333333,0.00875,,False,1.0,,
run_six_hump_camel_20260327_105310_804199_95ff,six_hump_camel,x2,True,weighted_vote_pass,0.910852463834216,0.9280625,0.92875,0.9241666666666666,True,0.2067255208333333,0.0045833333333332,,False,1.0,,
run_six_hump_camel_20260327_105310_804199_95ff,six_hump_camel,d2,False,weighted_vote_pass,0.6078197668520227,0.6809999999999998,0.7124999999999999,0.5025,True,-0.0289646354166667,0.2099999999999999,,False,1.0,,
run_six_hump_camel_20260327_110813_338848_9052,six_hump_camel,x2,True,weighted_vote_pass,0.8734239369549396,0.8841249999999998,0.8812499999999999,0.9004166666666666,True,0.1309604166666664,0.0191666666666667,,False,1.0,,
run_six_hump_camel_20260327_110813_338848_9052,six_hump_camel,x1,True,weighted_vote_pass,0.8635762685704845,0.9089375,0.915,0.8745833333333333,True,0.1490916666666668,0.0404166666666666,,False,1.0,,
run_six_hump_camel_20260327_110813_338848_9052,six_hump_camel,d2,False,weighted_vote_pass,0.8160532391605774,0.8756041666666666,0.8854166666666666,0.82,True,0.1352411458333333,0.0654166666666666,,False,1.0,,
run_six_hump_camel_20260327_111628_548177_8039,six_hump_camel,x1,True,weighted_vote_pass,0.9586032911026152,0.98025,0.97875,0.98875,True,0.2542098958333333,0.01,,False,1.0,,
run_six_hump_camel_20260327_111628_548177_8039,six_hump_camel,x2,True,weighted_vote_pass,0.8926866910915234,0.90625,0.9075,0.8991666666666666,True,0.1865624999999999,0.0083333333333334,,False,1.0,,
run_six_hump_camel_20260327_111628_548177_8039,six_hump_camel,d3,False,weighted_vote_pass,0.606308850717081,0.6832395833333332,0.7220833333333333,0.4631249999999999,True,-0.0390687239583332,0.2589583333333333,,False,0.7,,
run_six_hump_camel_20260327_151527_171607_8dc6,six_hump_camel,x1,True,weighted_vote_pass,0.9568479872554452,0.9703125,0.9675,0.98625,True,0.2553463541666666,0.01875,False,False,1.0,,
run_six_hump_camel_20260327_151527_171607_8dc6,six_hump_camel,x2,True,weighted_vote_pass,0.8558701877380746,0.8919999999999999,0.8912499999999999,0.8962499999999999,True,0.1653713541666666,0.005,False,False,1.0,,
run_six_hump_camel_20260327_151527_171607_8dc6,six_hump_camel,d3,False,weighted_vote_pass,0.8156501792687889,0.8467499999999999,0.8749999999999999,0.6866666666666666,True,0.1427135416666667,0.1883333333333332,False,False,1.0,,
run_six_hump_camel_20260327_151822_888583_b46c,six_hump_camel,x1,True,weighted_vote_pass,0.94989894401926,0.976875,0.975,0.9875,True,0.194396875,0.0125,False,False,1.0,,
run_six_hump_camel_20260327_151822_888583_b46c,six_hump_camel,x2,True,weighted_vote_pass,0.797840083471787,0.8324687499999999,0.8637499999999999,0.6552083333333332,True,0.0432645833333332,0.2085416666666667,False,False,0.9,,
run_six_hump_camel_20260327_151822_888583_b46c,six_hump_camel,d2,False,weighted_vote_pass,0.7821258584455667,0.8215729166666667,0.8354166666666667,0.7431249999999999,True,0.0421973958333334,0.0922916666666667,False,False,0.8,,
run_six_hump_camel_20260327_152233_872567_d254,six_hump_camel,x2,True,weighted_vote_pass,0.8431867646289419,0.8916249999999999,0.8987499999999999,0.85125,True,0.1633869791666666,0.0474999999999999,False,False,0.9,,
run_six_hump_camel_20260327_152233_872567_d254,six_hump_camel,x1,True,weighted_vote_pass,0.8029630074181596,0.878875,0.865,0.9575,True,0.1329411458333333,0.0924999999999999,False,False,1.0,,
run_six_hump_camel_20260327_152233_872567_d254,six_hump_camel,d2,False,weighted_vote_pass,0.7102394192363831,0.7778333333333333,0.7945833333333333,0.6829166666666666,True,0.0359630208333333,0.1116666666666666,False,False,1.0,,
run_six_hump_camel_20260327_152752_164151_0099,six_hump_camel,x2,True,weighted_vote_pass,0.8701795882257481,0.9025,0.8987499999999999,0.92375,True,0.1231541666666666,0.025,False,False,1.0,,
run_six_hump_camel_20260327_152752_164151_0099,six_hump_camel,x1,True,weighted_vote_pass,0.859977491655508,0.9021249999999998,0.905,0.8858333333333334,True,0.1245302083333332,0.0191666666666665,False,False,0.9,,
run_six_hump_camel_20260327_152752_164151_0099,six_hump_camel,d2,False,weighted_vote_pass,0.7502964910500921,0.8032916666666666,0.8079166666666666,0.7770833333333332,True,0.0284791666666668,0.0308333333333333,False,False,0.7,,
run_six_hump_camel_20260327_152752_164151_0099,six_hump_camel,d3,False,weighted_vote_pass,0.6698924520352031,0.7498333333333332,0.7795833333333333,0.58125,True,-0.0060269270833334,0.1983333333333332,False,False,0.8,,
run_six_hump_camel_20260327_152935_808993_32f9,six_hump_camel,x1,True,weighted_vote_pass,0.9423750354048436,0.960625,0.95875,0.97125,True,0.1589635416666668,0.0124999999999999,False,False,1.0,,
run_six_hump_camel_20260327_152935_808993_32f9,six_hump_camel,x2,True,weighted_vote_pass,0.8076435370618313,0.83246875,0.865,0.648125,True,0.0308190625000002,0.216875,False,False,0.7,,
run_six_hump_camel_20260327_152935_808993_32f9,six_hump_camel,d3,False,weighted_vote_pass,0.7043455114405978,0.7550937499999999,0.7762499999999999,0.6352083333333333,True,-0.072611848958333,0.1410416666666666,False,False,0.8,,
run_six_hump_camel_20260327_154306_859562_169f,six_hump_camel,x1,True,weighted_vote_pass,0.977201302633323,0.9968125,0.99625,1.0,True,0.3440875,0.00375,False,False,1.0,,
run_six_hump_camel_20260327_160201_555288_2afc,six_hump_camel,x2,True,weighted_vote_pass,0.8734239369549396,0.8841249999999998,0.8812499999999999,0.9004166666666666,True,0.1309604166666664,0.0191666666666667,False,False,1.0,,
run_six_hump_camel_20260327_160201_555288_2afc,six_hump_camel,x1,True,weighted_vote_pass,0.8635762685704845,0.9089375,0.915,0.8745833333333333,True,0.1490916666666668,0.0404166666666666,False,False,1.0,,
run_six_hump_camel_20260327_160201_555288_2afc,six_hump_camel,d2,False,weighted_vote_pass,0.8160532391605774,0.8756041666666666,0.8854166666666666,0.82,True,0.1352411458333333,0.0654166666666666,False,False,1.0,,
run_six_hump_camel_20260330_165541_485491_3673,six_hump_camel,x1,True,weighted_vote_pass,0.9568479872554452,0.9703125,0.9675,0.98625,True,0.2553463541666666,0.01875,False,False,1.0,,
run_six_hump_camel_20260330_165541_485491_3673,six_hump_camel,x2,True,weighted_vote_pass,0.8558701877380746,0.8919999999999999,0.8912499999999999,0.8962499999999999,True,0.1653713541666666,0.005,False,False,1.0,,
run_six_hump_camel_20260330_165541_485491_3673,six_hump_camel,d3,False,weighted_vote_pass,0.8156501792687889,0.8467499999999999,0.8749999999999999,0.6866666666666666,True,0.1427135416666667,0.1883333333333332,False,False,1.0,,
run_six_hump_camel_20260330_165941_942023_5886,six_hump_camel,x1,True,weighted_vote_pass,0.94989894401926,0.976875,0.975,0.9875,True,0.194396875,0.0125,False,False,1.0,,
run_six_hump_camel_20260330_165941_942023_5886,six_hump_camel,x2,True,weighted_vote_pass,0.797840083471787,0.8324687499999999,0.8637499999999999,0.6552083333333332,True,0.0432645833333332,0.2085416666666667,False,False,0.9333333333333332,,
run_six_hump_camel_20260330_165941_942023_5886,six_hump_camel,d2,False,weighted_vote_pass,0.7821258584455667,0.8215729166666667,0.8354166666666667,0.7431249999999999,True,0.0421973958333334,0.0922916666666667,False,False,0.8,,
run_six_hump_camel_20260330_170523_882284_d92e,six_hump_camel,x2,True,weighted_vote_pass,0.8431867646289419,0.8916249999999999,0.8987499999999999,0.85125,True,0.1633869791666666,0.0474999999999999,False,False,0.9333333333333332,,
run_six_hump_camel_20260330_170523_882284_d92e,six_hump_camel,x1,True,weighted_vote_pass,0.8029630074181596,0.878875,0.865,0.9575,True,0.1329411458333333,0.0924999999999999,False,False,1.0,,
run_six_hump_camel_20260330_170523_882284_d92e,six_hump_camel,d2,False,weighted_vote_pass,0.7102394192363831,0.7778333333333333,0.7945833333333333,0.6829166666666666,True,0.0359630208333333,0.1116666666666666,False,False,1.0,,
run_six_hump_camel_20260330_171236_552803_028f,six_hump_camel,x2,True,weighted_vote_pass,0.8701795882257481,0.9025,0.8987499999999999,0.92375,True,0.1231541666666666,0.025,False,False,1.0,,
run_six_hump_camel_20260330_171236_552803_028f,six_hump_camel,x1,True,weighted_vote_pass,0.859977491655508,0.9021249999999998,0.905,0.8858333333333334,True,0.1245302083333332,0.0191666666666665,False,False,0.9333333333333332,,
run_six_hump_camel_20260330_171236_552803_028f,six_hump_camel,d3,False,weighted_vote_pass,0.6698924520352031,0.7498333333333332,0.7795833333333333,0.58125,True,-0.0060269270833334,0.1983333333333332,False,False,0.8666666666666667,,
run_six_hump_camel_20260330_171456_751021_a549,six_hump_camel,x1,True,weighted_vote_pass,0.9423750354048436,0.960625,0.95875,0.97125,True,0.1589635416666668,0.0124999999999999,False,False,1.0,,
run_six_hump_camel_20260330_171456_751021_a549,six_hump_camel,d3,False,weighted_vote_pass,0.7043455114405978,0.7550937499999999,0.7762499999999999,0.6352083333333333,True,-0.072611848958333,0.1410416666666666,False,False,0.8666666666666667,,
run_six_hump_camel_20260331_102242_366036_cfa1,six_hump_camel,x1,True,weighted_vote_pass,0.9568479872554452,0.9703125,0.9675,0.98625,True,0.2553463541666666,0.01875,False,False,1.0,,
run_six_hump_camel_20260331_102242_366036_cfa1,six_hump_camel,x2,True,weighted_vote_pass,0.8558701877380746,0.8919999999999999,0.8912499999999999,0.8962499999999999,True,0.1653713541666666,0.005,False,False,1.0,,
run_six_hump_camel_20260331_102242_366036_cfa1,six_hump_camel,d3,False,weighted_vote_pass,0.8156501792687889,0.8467499999999999,0.8749999999999999,0.6866666666666666,True,0.1427135416666667,0.1883333333333332,False,False,1.0,,
run_six_hump_camel_20260331_102641_594202_5321,six_hump_camel,x1,True,weighted_vote_pass,0.94989894401926,0.976875,0.975,0.9875,True,0.194396875,0.0125,False,False,1.0,,
run_six_hump_camel_20260331_102641_594202_5321,six_hump_camel,x2,True,weighted_vote_pass,0.797840083471787,0.8324687499999999,0.8637499999999999,0.6552083333333332,True,0.0432645833333332,0.2085416666666667,False,False,0.9333333333333332,,
run_six_hump_camel_20260331_102641_594202_5321,six_hump_camel,d2,False,weighted_vote_pass,0.7821258584455667,0.8215729166666667,0.8354166666666667,0.7431249999999999,True,0.0421973958333334,0.0922916666666667,False,False,0.8,,
run_six_hump_camel_20260331_103222_024740_a8d6,six_hump_camel,x2,True,weighted_vote_pass,0.8431867646289419,0.8916249999999999,0.8987499999999999,0.85125,True,0.1633869791666666,0.0474999999999999,False,False,0.9333333333333332,,
run_six_hump_camel_20260331_103222_024740_a8d6,six_hump_camel,x1,True,weighted_vote_pass,0.8029630074181596,0.878875,0.865,0.9575,True,0.1329411458333333,0.0924999999999999,False,False,1.0,,
run_six_hump_camel_20260331_103222_024740_a8d6,six_hump_camel,d2,False,weighted_vote_pass,0.7102394192363831,0.7778333333333333,0.7945833333333333,0.6829166666666666,True,0.0359630208333333,0.1116666666666666,False,False,1.0,,
run_six_hump_camel_20260331_103934_382789_45cc,six_hump_camel,x2,True,weighted_vote_pass,0.8701795882257481,0.9025,0.8987499999999999,0.92375,True,0.1231541666666666,0.025,False,False,1.0,,
run_six_hump_camel_20260331_103934_382789_45cc,six_hump_camel,x1,True,weighted_vote_pass,0.859977491655508,0.9021249999999998,0.905,0.8858333333333334,True,0.1245302083333332,0.0191666666666665,False,False,0.9333333333333332,,
run_six_hump_camel_20260331_103934_382789_45cc,six_hump_camel,d3,False,weighted_vote_pass,0.6698924520352031,0.7498333333333332,0.7795833333333333,0.58125,True,-0.0060269270833334,0.1983333333333332,False,False,0.8666666666666667,,
run_six_hump_camel_20260331_104153_849923_ccc8,six_hump_camel,x1,True,weighted_vote_pass,0.9423750354048436,0.960625,0.95875,0.97125,True,0.1589635416666668,0.0124999999999999,False,False,1.0,,
run_six_hump_camel_20260331_104153_849923_ccc8,six_hump_camel,d3,False,weighted_vote_pass,0.7043455114405978,0.7550937499999999,0.7762499999999999,0.6352083333333333,True,-0.072611848958333,0.1410416666666666,False,False,0.8666666666666667,,
run_six_hump_camel_20260331_105432_870167_3d95,six_hump_camel,x1,True,weighted_vote_pass,0.977201302633323,0.9968125,0.99625,1.0,True,0.3440875,0.00375,False,False,1.0,,
run_six_hump_camel_20260331_105818_292454_901a,six_hump_camel,x1,True,weighted_vote_pass,0.9724642889713178,0.9875625,0.98625,0.995,True,0.2554973958333333,0.00875,False,False,1.0,,
run_six_hump_camel_20260331_105818_292454_901a,six_hump_camel,x2,True,weighted_vote_pass,0.910852463834216,0.9280625,0.92875,0.9241666666666666,True,0.2067255208333333,0.0045833333333332,False,False,1.0,,
run_six_hump_camel_20260331_105818_292454_901a,six_hump_camel,d2,False,weighted_vote_pass,0.6024249231020227,0.6809999999999998,0.7124999999999999,0.5025,True,-0.0316620572916667,0.2099999999999999,False,False,1.0,,
run_six_hump_camel_20260331_111556_514746_d714,six_hump_camel,x2,True,weighted_vote_pass,0.8734239369549396,0.8841249999999998,0.8812499999999999,0.9004166666666666,True,0.1309604166666664,0.0191666666666667,False,False,1.0,,
run_six_hump_camel_20260331_111556_514746_d714,six_hump_camel,x1,True,weighted_vote_pass,0.8635762685704845,0.9089375,0.915,0.8745833333333333,True,0.1490916666666668,0.0404166666666666,False,False,1.0,,
run_six_hump_camel_20260331_111556_514746_d714,six_hump_camel,d2,False,weighted_vote_pass,0.8160532391605774,0.8756041666666666,0.8854166666666666,0.82,True,0.1352411458333333,0.0654166666666666,False,False,1.0,,
run_six_hump_camel_20260331_155336_341004_c0b8,six_hump_camel,x1,True,weighted_vote_pass,0.9568479872554452,0.9703125,0.9675,0.98625,True,0.2553463541666666,0.01875,False,False,1.0,,
run_six_hump_camel_20260331_155336_341004_c0b8,six_hump_camel,x2,True,weighted_vote_pass,0.8558701877380746,0.8919999999999999,0.8912499999999999,0.8962499999999999,True,0.1653713541666666,0.005,False,False,1.0,,
run_six_hump_camel_20260331_155336_341004_c0b8,six_hump_camel,d3,False,weighted_vote_pass,0.8156501792687889,0.8467499999999999,0.8749999999999999,0.6866666666666666,True,0.1427135416666667,0.1883333333333332,False,False,1.0,,
run_six_hump_camel_20260331_195356_586138_0fcb,six_hump_camel,x1,True,weighted_vote_pass,0.9568479872554452,0.9703125,0.9675,0.98625,True,0.2553463541666666,0.01875,False,False,1.0,,
run_six_hump_camel_20260331_195356_586138_0fcb,six_hump_camel,x2,True,weighted_vote_pass,0.8558701877380746,0.8919999999999999,0.8912499999999999,0.8962499999999999,True,0.1653713541666666,0.005,False,False,1.0,,
run_six_hump_camel_20260331_195356_586138_0fcb,six_hump_camel,d3,False,weighted_vote_pass,0.8156501792687889,0.8467499999999999,0.8749999999999999,0.6866666666666666,True,0.1427135416666667,0.1883333333333332,False,False,1.0,,
run_six_hump_camel_20260331_200447_912265_55da,six_hump_camel,x2,True,weighted_vote_pass,0.8431867646289419,0.8916249999999999,0.8987499999999999,0.85125,True,0.1633869791666666,0.0474999999999999,False,False,0.9333333333333332,,
run_six_hump_camel_20260331_200447_912265_55da,six_hump_camel,x1,True,weighted_vote_pass,0.8029630074181596,0.878875,0.865,0.9575,True,0.1329411458333333,0.0924999999999999,False,False,1.0,,
run_six_hump_camel_20260331_200447_912265_55da,six_hump_camel,d2,False,weighted_vote_pass,0.7102394192363831,0.7778333333333333,0.7945833333333333,0.6829166666666666,True,0.0359630208333333,0.1116666666666666,False,False,1.0,,
run_six_hump_camel_20260331_200645_285252_d072,six_hump_camel,x2,True,weighted_vote_pass,0.881928703346431,0.907375,0.91625,0.8570833333333333,True,0.1203567708333334,0.0591666666666665,False,False,1.0,,
run_six_hump_camel_20260331_201514_582315_b954,six_hump_camel,x1,True,weighted_vote_pass,0.9423750354048436,0.960625,0.95875,0.97125,True,0.1589635416666668,0.0124999999999999,False,False,1.0,,
run_six_hump_camel_20260401_104224_019393_2d81,six_hump_camel,x1,True,weighted_vote_pass,0.9568479872554452,0.9703125,0.9675,0.98625,True,0.2553463541666666,0.01875,False,False,0.8666666666666667,,
run_six_hump_camel_20260401_104224_019393_2d81,six_hump_camel,x2,True,weighted_vote_pass,0.8558701877380746,0.8919999999999999,0.8912499999999999,0.8962499999999999,True,0.1653713541666666,0.005,False,False,1.0,,
run_six_hump_camel_20260401_104224_019393_2d81,six_hump_camel,d3,False,weighted_vote_pass,0.8156501792687889,0.8467499999999999,0.8749999999999999,0.6866666666666666,True,0.1427135416666667,0.1883333333333332,False,False,0.9333333333333332,,
run_six_hump_camel_20260401_104615_247214_694b,six_hump_camel,x1,True,weighted_vote_pass,0.94989894401926,0.976875,0.975,0.9875,True,0.194396875,0.0125,False,False,1.0,,
run_six_hump_camel_20260401_105146_201955_590d,six_hump_camel,x2,True,weighted_vote_pass,0.8431867646289419,0.8916249999999999,0.8987499999999999,0.85125,True,0.1633869791666666,0.0474999999999999,False,False,0.9333333333333332,,
run_six_hump_camel_20260401_105146_201955_590d,six_hump_camel,x1,True,weighted_vote_pass,0.8029630074181596,0.878875,0.865,0.9575,True,0.1329411458333333,0.0924999999999999,False,False,1.0,,
run_six_hump_camel_20260401_105146_201955_590d,six_hump_camel,d2,False,weighted_vote_pass,0.7102394192363831,0.7778333333333333,0.7945833333333333,0.6829166666666666,True,0.0359630208333333,0.1116666666666666,False,False,0.9333333333333332,,
run_six_hump_camel_20260401_110103_169140_8a55,six_hump_camel,x1,True,weighted_vote_pass,0.9423750354048436,0.960625,0.95875,0.97125,True,0.1589635416666668,0.0124999999999999,False,False,1.0,,
run_six_hump_camel_20260401_133723_203374_b500,six_hump_camel,x1,True,weighted_vote_pass,0.9568479872554452,0.9703125,0.9675,0.98625,True,0.2553463541666666,0.01875,False,False,0.8666666666666667,,
run_six_hump_camel_20260401_133723_203374_b500,six_hump_camel,x2,True,weighted_vote_pass,0.8558701877380746,0.8919999999999999,0.8912499999999999,0.8962499999999999,True,0.1653713541666666,0.005,False,False,0.8666666666666667,,
run_six_hump_camel_20260401_133723_203374_b500,six_hump_camel,d3,False,weighted_vote_pass,0.8156501792687889,0.8467499999999999,0.8749999999999999,0.6866666666666666,True,0.1427135416666667,0.1883333333333332,False,False,0.9333333333333332,,
run_six_hump_camel_20260401_135618_161388_a00c,six_hump_camel,x1,True,weighted_vote_pass,0.9423750354048436,0.960625,0.95875,0.97125,True,0.1589635416666668,0.0124999999999999,False,False,1.0,,
run_six_hump_camel_20260401_191004_866491_0a7c,six_hump_camel,x1,True,weighted_vote_pass,0.9771811924091276,0.9900625,0.98875,0.9975,True,0.3014052083333333,0.00875,False,False,1.0,,
run_six_hump_camel_20260401_192901_584218_8010,six_hump_camel,x1,True,weighted_vote_pass,0.9633113671234886,0.971875,0.97,0.9825,True,0.2510640625,0.0124999999999999,False,False,1.0,,
run_six_hump_camel_20260401_192901_584218_8010,six_hump_camel,d3,False,weighted_vote_pass,0.9111931696029568,0.9544791666666664,0.9554166666666666,0.9491666666666666,True,0.2008359375,0.0062499999999999,False,False,1.0,,
run_six_hump_camel_20260401_193448_589157_03df,six_hump_camel,x1,True,weighted_vote_pass,0.9831837787969756,1.0,1.0,1.0,True,0.3451395833333333,0.0,False,False,1.0,,
run_six_hump_camel_20260401_194047_792258_ec64,six_hump_camel,x1,True,weighted_vote_pass,0.997568193606237,0.9989375,0.99875,1.0,True,0.3577375,0.00125,False,False,1.0,,
run_goldstein_price_20260327_100449_114842_92f3,goldstein_price,x2,True,weighted_vote_pass,0.9717411271911668,0.995,0.995,0.995,True,0.5395041666666668,0.0,,False,,,
run_goldstein_price_20260327_103815_642766_e13d,goldstein_price,x2,True,weighted_vote_pass,0.9702737057740602,0.991,0.99,0.995,True,0.2413166666666667,0.005,,False,,,
run_goldstein_price_20260327_103815_642766_e13d,goldstein_price,x1,True,weighted_vote_pass,0.9247097329523044,0.9481666666666666,0.955,0.9208333333333332,True,0.1648083333333331,0.0341666666666667,,False,,,
run_goldstein_price_20260327_103815_642766_e13d,goldstein_price,d2,False,weighted_vote_pass,0.6240347500000001,0.7113333333333333,0.8183333333333332,0.2833333333333333,True,-0.0404516666666667,0.5349999999999999,,False,,,
run_six_hump_camel_20260327_105048_270704_e255,six_hump_camel,x1,True,weighted_vote_pass,0.9487919535491408,0.981,0.98375,0.9654166666666666,True,0.2603921875,0.0183333333333334,,False,1.0,,
run_six_hump_camel_20260327_105048_270704_e255,six_hump_camel,x2,True,weighted_vote_pass,0.8250477282783972,0.8627916666666665,0.8604166666666665,0.87625,True,0.1646489583333332,0.0158333333333334,,False,1.0,,
run_six_hump_camel_20260327_105048_270704_e255,six_hump_camel,d1,False,weighted_vote_pass,0.5568012598239217,0.6576145833333332,0.7095833333333332,0.363125,True,-0.0234246875,0.3464583333333332,,False,0.7,,
run_six_hump_camel_20260327_105727_532992_9dfd,six_hump_camel,x1,True,weighted_vote_pass,0.9568479872554452,0.9703125,0.9675,0.98625,True,0.2553463541666666,0.01875,,False,1.0,,
run_six_hump_camel_20260327_105727_532992_9dfd,six_hump_camel,x2,True,weighted_vote_pass,0.8558701877380746,0.8919999999999999,0.8912499999999999,0.8962499999999999,True,0.1653713541666666,0.005,,False,1.0,,
run_six_hump_camel_20260327_105727_532992_9dfd,six_hump_camel,d3,False,weighted_vote_pass,0.8156501792687889,0.8467499999999999,0.8749999999999999,0.6866666666666666,True,0.1427135416666667,0.1883333333333332,,False,1.0,,
run_six_hump_camel_20260327_110027_354793_636d,six_hump_camel,x1,True,weighted_vote_pass,0.94989894401926,0.976875,0.975,0.9875,True,0.194396875,0.0125,,False,1.0,,
run_six_hump_camel_20260327_110027_354793_636d,six_hump_camel,x2,True,weighted_vote_pass,0.797840083471787,0.8324687499999999,0.8637499999999999,0.6552083333333332,True,0.0432645833333332,0.2085416666666667,,False,1.0,,
run_six_hump_camel_20260327_110027_354793_636d,six_hump_camel,d2,False,weighted_vote_pass,0.7821258584455667,0.8215729166666667,0.8354166666666667,0.7431249999999999,True,0.0421973958333334,0.0922916666666667,,False,0.9,,
run_six_hump_camel_20260327_110440_650393_4b52,six_hump_camel,x2,True,weighted_vote_pass,0.8431867646289419,0.8916249999999999,0.8987499999999999,0.85125,True,0.1633869791666666,0.0474999999999999,,False,0.9,,
run_six_hump_camel_20260327_110440_650393_4b52,six_hump_camel,x1,True,weighted_vote_pass,0.8029630074181596,0.878875,0.865,0.9575,True,0.1329411458333333,0.0924999999999999,,False,1.0,,
run_six_hump_camel_20260327_110440_650393_4b52,six_hump_camel,d2,False,weighted_vote_pass,0.7102394192363831,0.7778333333333333,0.7945833333333333,0.6829166666666666,True,0.0359630208333333,0.1116666666666666,,False,1.0,,
run_six_hump_camel_20260327_110554_746000_ed45,six_hump_camel,x2,True,weighted_vote_pass,0.881928703346431,0.907375,0.91625,0.8570833333333333,True,0.1203567708333334,0.0591666666666665,,False,1.0,,
run_six_hump_camel_20260327_110554_746000_ed45,six_hump_camel,x1,True,weighted_vote_pass,0.8142247490422427,0.8704166666666666,0.8829166666666666,0.7995833333333332,True,0.063853125,0.0833333333333333,,False,0.9,,
run_six_hump_camel_20260327_110554_746000_ed45,six_hump_camel,d2,False,weighted_vote_pass,0.6885243259466233,0.7625,0.7799999999999999,0.6633333333333333,True,-0.0255180989583333,0.1166666666666665,,False,0.7,,
run_six_hump_camel_20260327_110959_806316_3f3b,six_hump_camel,x2,True,weighted_vote_pass,0.8701795882257481,0.9025,0.8987499999999999,0.92375,True,0.1231541666666666,0.025,,False,1.0,,
run_six_hump_camel_20260327_110959_806316_3f3b,six_hump_camel,x1,True,weighted_vote_pass,0.859977491655508,0.9021249999999998,0.905,0.8858333333333334,True,0.1245302083333332,0.0191666666666665,,False,0.9,,
run_six_hump_camel_20260327_110959_806316_3f3b,six_hump_camel,d2,False,weighted_vote_pass,0.7502964910500921,0.8032916666666666,0.8079166666666666,0.7770833333333332,True,0.0284791666666668,0.0308333333333333,,False,0.7,,
run_six_hump_camel_20260327_110959_806316_3f3b,six_hump_camel,d3,False,weighted_vote_pass,0.6729027645352031,0.7498333333333332,0.7795833333333333,0.58125,True,-0.0045217708333333,0.1983333333333332,,False,0.8,,
run_six_hump_camel_20260327_111144_655289_f715,six_hump_camel,x1,True,weighted_vote_pass,0.9423750354048436,0.960625,0.95875,0.97125,True,0.1589635416666668,0.0124999999999999,,False,1.0,,
run_six_hump_camel_20260327_111144_655289_f715,six_hump_camel,x2,True,weighted_vote_pass,0.8082172870618312,0.83246875,0.865,0.648125,True,0.0311059375000001,0.216875,,False,0.7,,
run_six_hump_camel_20260327_111144_655289_f715,six_hump_camel,d3,False,weighted_vote_pass,0.7149603551905978,0.7550937499999999,0.7762499999999999,0.6352083333333333,True,-0.067304427083333,0.1410416666666666,,False,0.9,,
run_six_hump_camel_20260327_111144_655289_f715,six_hump_camel,d2,False,weighted_vote_pass,0.5710919614648569,0.7063958333333333,0.7608333333333334,0.3979166666666666,True,-0.1197295572916663,0.3629166666666668,,False,0.7,,
