run,repeat,problem,seed,selected_feature_count,modeler_selected_features,modeler_selected_real_count,modeler_selected_dummy_count,modeler_real_coverage_pct,fi_all_real_included,fi_real_only_success,modeler_metadata,run_root
1,1,cantilever_beam,42,4,"[""h1"", ""b1"", ""b2"", ""H""]",4,0,100.0,True,True,C:\dev\PIDO\IIT_PIDO\result\bench\aion\20260902_115957\runs\run_cantilever_beam_20260902_115957_887283_ae6e\Modeler\metadata.json,C:\dev\PIDO\IIT_PIDO\result\bench\aion\20260902_115957\runs\run_cantilever_beam_20260902_115957_887283_ae6e
2,2,cantilever_beam,1042,4,"[""h1"", ""b2"", ""b1"", ""H""]",4,0,100.0,True,True,C:\dev\PIDO\IIT_PIDO\result\bench\aion\20260902_115957\runs\run_cantilever_beam_20260902_120147_623725_b1d9\Modeler\metadata.json,C:\dev\PIDO\IIT_PIDO\result\bench\aion\20260902_115957\runs\run_cantilever_beam_20260902_120147_623725_b1d9
3,3,cantilever_beam,2042,4,"[""b1"", ""h1"", ""b2"", ""H""]",4,0,100.0,True,True,C:\dev\PIDO\IIT_PIDO\result\bench\aion\20260902_115957\runs\run_cantilever_beam_20260902_120404_389064_a523\Modeler\metadata.json,C:\dev\PIDO\IIT_PIDO\result\bench\aion\20260902_115957\runs\run_cantilever_beam_20260902_120404_389064_a523
4,4,cantilever_beam,3042,4,"[""h1"", ""b1"", ""b2"", ""H""]",4,0,100.0,True,True,C:\dev\PIDO\IIT_PIDO\result\bench\aion\20260902_115957\runs\run_cantilever_beam_20260902_120547_807592_9e14\Modeler\metadata.json,C:\dev\PIDO\IIT_PIDO\result\bench\aion\20260902_115957\runs\run_cantilever_beam_20260902_120547_807592_9e14
5,5,cantilever_beam,4042,4,"[""h1"", ""b1"", ""b2"", ""H""]",4,0,100.0,True,True,C:\dev\PIDO\IIT_PIDO\result\bench\aion\20260902_115957\runs\run_cantilever_beam_20260902_120755_495136_100e\Modeler\metadata.json,C:\dev\PIDO\IIT_PIDO\result\bench\aion\20260902_115957\runs\run_cantilever_beam_20260902_120755_495136_100e
6,6,cantilever_beam,5042,4,"[""h1"", ""b1"", ""b2"", ""H""]",4,0,100.0,True,True,C:\dev\PIDO\IIT_PIDO\result\bench\aion\20260902_115957\runs\run_cantilever_beam_20260902_120945_508580_e5d9\Modeler\metadata.json,C:\dev\PIDO\IIT_PIDO\result\bench\aion\20260902_115957\runs\run_cantilever_beam_20260902_120945_508580_e5d9
7,7,cantilever_beam,6042,4,"[""b1"", ""h1"", ""b2"", ""H""]",4,0,100.0,True,True,C:\dev\PIDO\IIT_PIDO\result\bench\aion\20260902_115957\runs\run_cantilever_beam_20260902_121208_026121_47a3\Modeler\metadata.json,C:\dev\PIDO\IIT_PIDO\result\bench\aion\20260902_115957\runs\run_cantilever_beam_20260902_121208_026121_47a3
8,8,cantilever_beam,7042,4,"[""h1"", ""b1"", ""b2"", ""H""]",4,0,100.0,True,True,C:\dev\PIDO\IIT_PIDO\result\bench\aion\20260902_115957\runs\run_cantilever_beam_20260902_121439_605478_3b2b\Modeler\metadata.json,C:\dev\PIDO\IIT_PIDO\result\bench\aion\20260902_115957\runs\run_cantilever_beam_20260902_121439_605478_3b2b
9,9,cantilever_beam,8042,4,"[""h1"", ""b1"", ""b2"", ""H""]",4,0,100.0,True,True,C:\dev\PIDO\IIT_PIDO\result\bench\aion\20260902_115957\runs\run_cantilever_beam_20260902_121718_873368_4c9a\Modeler\metadata.json,C:\dev\PIDO\IIT_PIDO\result\bench\aion\20260902_115957\runs\run_cantilever_beam_20260902_121718_873368_4c9a
10,10,cantilever_beam,9042,4,"[""h1"", ""b1"", ""b2"", ""H""]",4,0,100.0,True,True,C:\dev\PIDO\IIT_PIDO\result\bench\aion\20260902_115957\runs\run_cantilever_beam_20260902_121932_191096_4e97\Modeler\metadata.json,C:\dev\PIDO\IIT_PIDO\result\bench\aion\20260902_115957\runs\run_cantilever_beam_20260902_121932_191096_4e97
11,11,cantilever_beam,10042,4,"[""h1"", ""b1"", ""b2"", ""H""]",4,0,100.0,True,True,C:\dev\PIDO\IIT_PIDO\result\bench\aion\20260902_115957\runs\run_cantilever_beam_20260902_122204_675104_d27c\Modeler\metadata.json,C:\dev\PIDO\IIT_PIDO\result\bench\aion\20260902_115957\runs\run_cantilever_beam_20260902_122204_675104_d27c
12,12,cantilever_beam,11042,4,"[""h1"", ""b2"", ""b1"", ""H""]",4,0,100.0,True,True,C:\dev\PIDO\IIT_PIDO\result\bench\aion\20260902_115957\runs\run_cantilever_beam_20260902_122439_443334_8793\Modeler\metadata.json,C:\dev\PIDO\IIT_PIDO\result\bench\aion\20260902_115957\runs\run_cantilever_beam_20260902_122439_443334_8793
13,13,cantilever_beam,12042,4,"[""h1"", ""b1"", ""b2"", ""H""]",4,0,100.0,True,True,C:\dev\PIDO\IIT_PIDO\result\bench\aion\20260902_115957\runs\run_cantilever_beam_20260902_122630_238473_fb08\Modeler\metadata.json,C:\dev\PIDO\IIT_PIDO\result\bench\aion\20260902_115957\runs\run_cantilever_beam_20260902_122630_238473_fb08
14,14,cantilever_beam,13042,4,"[""h1"", ""b1"", ""b2"", ""H""]",4,0,100.0,True,True,C:\dev\PIDO\IIT_PIDO\result\bench\aion\20260902_115957\runs\run_cantilever_beam_20260902_122845_172065_970e\Modeler\metadata.json,C:\dev\PIDO\IIT_PIDO\result\bench\aion\20260902_115957\runs\run_cantilever_beam_20260902_122845_172065_970e
15,15,cantilever_beam,14042,4,"[""b1"", ""h1"", ""b2"", ""H""]",4,0,100.0,True,True,C:\dev\PIDO\IIT_PIDO\result\bench\aion\20260902_115957\runs\run_cantilever_beam_20260902_123119_852847_8ed0\Modeler\metadata.json,C:\dev\PIDO\IIT_PIDO\result\bench\aion\20260902_115957\runs\run_cantilever_beam_20260902_123119_852847_8ed0
16,16,cantilever_beam,15042,4,"[""h1"", ""b2"", ""b1"", ""H""]",4,0,100.0,True,True,C:\dev\PIDO\IIT_PIDO\result\bench\aion\20260902_115957\runs\run_cantilever_beam_20260902_123343_500568_f72b\Modeler\metadata.json,C:\dev\PIDO\IIT_PIDO\result\bench\aion\20260902_115957\runs\run_cantilever_beam_20260902_123343_500568_f72b
17,17,cantilever_beam,16042,4,"[""b1"", ""h1"", ""b2"", ""H""]",4,0,100.0,True,True,C:\dev\PIDO\IIT_PIDO\result\bench\aion\20260902_115957\runs\run_cantilever_beam_20260902_123550_514318_0f86\Modeler\metadata.json,C:\dev\PIDO\IIT_PIDO\result\bench\aion\20260902_115957\runs\run_cantilever_beam_20260902_123550_514318_0f86
18,18,cantilever_beam,17042,4,"[""h1"", ""b1"", ""b2"", ""H""]",4,0,100.0,True,True,C:\dev\PIDO\IIT_PIDO\result\bench\aion\20260902_115957\runs\run_cantilever_beam_20260902_123816_890642_39a6\Modeler\metadata.json,C:\dev\PIDO\IIT_PIDO\result\bench\aion\20260902_115957\runs\run_cantilever_beam_20260902_123816_890642_39a6
19,19,cantilever_beam,18042,4,"[""h1"", ""b1"", ""b2"", ""H""]",4,0,100.0,True,True,C:\dev\PIDO\IIT_PIDO\result\bench\aion\20260902_115957\runs\run_cantilever_beam_20260902_124103_339903_fc72\Modeler\metadata.json,C:\dev\PIDO\IIT_PIDO\result\bench\aion\20260902_115957\runs\run_cantilever_beam_20260902_124103_339903_fc72
20,20,cantilever_beam,19042,4,"[""h1"", ""b1"", ""b2"", ""H""]",4,0,100.0,True,True,C:\dev\PIDO\IIT_PIDO\result\bench\aion\20260902_115957\runs\run_cantilever_beam_20260902_124315_444064_7e3b\Modeler\metadata.json,C:\dev\PIDO\IIT_PIDO\result\bench\aion\20260902_115957\runs\run_cantilever_beam_20260902_124315_444064_7e3b
21,21,cantilever_beam,20042,4,"[""h1"", ""b1"", ""b2"", ""H""]",4,0,100.0,True,True,C:\dev\PIDO\IIT_PIDO\result\bench\aion\20260902_115957\runs\run_cantilever_beam_20260902_124547_331927_1a18\Modeler\metadata.json,C:\dev\PIDO\IIT_PIDO\result\bench\aion\20260902_115957\runs\run_cantilever_beam_20260902_124547_331927_1a18
22,22,cantilever_beam,21042,4,"[""h1"", ""b1"", ""b2"", ""H""]",4,0,100.0,True,True,C:\dev\PIDO\IIT_PIDO\result\bench\aion\20260902_115957\runs\run_cantilever_beam_20260902_124802_751680_231c\Modeler\metadata.json,C:\dev\PIDO\IIT_PIDO\result\bench\aion\20260902_115957\runs\run_cantilever_beam_20260902_124802_751680_231c
23,23,cantilever_beam,22042,4,"[""h1"", ""b1"", ""b2"", ""H""]",4,0,100.0,True,True,C:\dev\PIDO\IIT_PIDO\result\bench\aion\20260902_115957\runs\run_cantilever_beam_20260902_125005_444513_7d9e\Modeler\metadata.json,C:\dev\PIDO\IIT_PIDO\result\bench\aion\20260902_115957\runs\run_cantilever_beam_20260902_125005_444513_7d9e
24,24,cantilever_beam,23042,4,"[""h1"", ""b1"", ""b2"", ""H""]",4,0,100.0,True,True,C:\dev\PIDO\IIT_PIDO\result\bench\aion\20260902_115957\runs\run_cantilever_beam_20260902_125240_207046_8a64\Modeler\metadata.json,C:\dev\PIDO\IIT_PIDO\result\bench\aion\20260902_115957\runs\run_cantilever_beam_20260902_125240_207046_8a64
25,25,cantilever_beam,24042,4,"[""h1"", ""b1"", ""b2"", ""H""]",4,0,100.0,True,True,C:\dev\PIDO\IIT_PIDO\result\bench\aion\20260902_115957\runs\run_cantilever_beam_20260902_125502_832910_f765\Modeler\metadata.json,C:\dev\PIDO\IIT_PIDO\result\bench\aion\20260902_115957\runs\run_cantilever_beam_20260902_125502_832910_f765
26,1,rosenbrock,43,5,"[""x4"", ""x3"", ""x2"", ""x1"", ""x5""]",5,0,100.0,True,True,C:\dev\PIDO\IIT_PIDO\result\bench\aion\20260902_115957\runs\run_rosenbrock_20260902_125759_289120_3b73\Modeler\metadata.json,C:\dev\PIDO\IIT_PIDO\result\bench\aion\20260902_115957\runs\run_rosenbrock_20260902_125759_289120_3b73
27,2,rosenbrock,1043,5,"[""x4"", ""x2"", ""x3"", ""x1"", ""x5""]",5,0,100.0,True,True,C:\dev\PIDO\IIT_PIDO\result\bench\aion\20260902_115957\runs\run_rosenbrock_20260902_131427_447720_e533\Modeler\metadata.json,C:\dev\PIDO\IIT_PIDO\result\bench\aion\20260902_115957\runs\run_rosenbrock_20260902_131427_447720_e533
28,3,rosenbrock,2043,5,"[""x3"", ""x4"", ""x2"", ""x1"", ""x5""]",5,0,100.0,True,True,C:\dev\PIDO\IIT_PIDO\result\bench\aion\20260902_115957\runs\run_rosenbrock_20260902_133012_930469_a06d\Modeler\metadata.json,C:\dev\PIDO\IIT_PIDO\result\bench\aion\20260902_115957\runs\run_rosenbrock_20260902_133012_930469_a06d
29,4,rosenbrock,3043,5,"[""x3"", ""x4"", ""x2"", ""x1"", ""x5""]",5,0,100.0,True,True,C:\dev\PIDO\IIT_PIDO\result\bench\aion\20260902_115957\runs\run_rosenbrock_20260902_134549_033376_5fd2\Modeler\metadata.json,C:\dev\PIDO\IIT_PIDO\result\bench\aion\20260902_115957\runs\run_rosenbrock_20260902_134549_033376_5fd2
30,5,rosenbrock,4043,5,"[""x3"", ""x4"", ""x2"", ""x1"", ""x5""]",5,0,100.0,True,True,C:\dev\PIDO\IIT_PIDO\result\bench\aion\20260902_115957\runs\run_rosenbrock_20260902_140312_465225_ee87\Modeler\metadata.json,C:\dev\PIDO\IIT_PIDO\result\bench\aion\20260902_115957\runs\run_rosenbrock_20260902_140312_465225_ee87
31,6,rosenbrock,5043,5,"[""x2"", ""x4"", ""x3"", ""x1"", ""x5""]",5,0,100.0,True,True,C:\dev\PIDO\IIT_PIDO\result\bench\aion\20260902_115957\runs\run_rosenbrock_20260902_141912_359365_80d1\Modeler\metadata.json,C:\dev\PIDO\IIT_PIDO\result\bench\aion\20260902_115957\runs\run_rosenbrock_20260902_141912_359365_80d1
32,7,rosenbrock,6043,5,"[""x4"", ""x2"", ""x3"", ""x1"", ""x5""]",5,0,100.0,True,True,C:\dev\PIDO\IIT_PIDO\result\bench\aion\20260902_115957\runs\run_rosenbrock_20260902_143603_927455_65a3\Modeler\metadata.json,C:\dev\PIDO\IIT_PIDO\result\bench\aion\20260902_115957\runs\run_rosenbrock_20260902_143603_927455_65a3
33,8,rosenbrock,7043,5,"[""x3"", ""x4"", ""x2"", ""x1"", ""x5""]",5,0,100.0,True,True,C:\dev\PIDO\IIT_PIDO\result\bench\aion\20260902_115957\runs\run_rosenbrock_20260902_145140_794688_495b\Modeler\metadata.json,C:\dev\PIDO\IIT_PIDO\result\bench\aion\20260902_115957\runs\run_rosenbrock_20260902_145140_794688_495b
34,9,rosenbrock,8043,5,"[""x2"", ""x4"", ""x3"", ""x1"", ""x5""]",5,0,100.0,True,True,C:\dev\PIDO\IIT_PIDO\result\bench\aion\20260902_115957\runs\run_rosenbrock_20260902_150717_916638_e4bd\Modeler\metadata.json,C:\dev\PIDO\IIT_PIDO\result\bench\aion\20260902_115957\runs\run_rosenbrock_20260902_150717_916638_e4bd
35,10,rosenbrock,9043,5,"[""x3"", ""x2"", ""x4"", ""x1"", ""x5""]",5,0,100.0,True,True,C:\dev\PIDO\IIT_PIDO\result\bench\aion\20260902_115957\runs\run_rosenbrock_20260902_152354_931196_ab66\Modeler\metadata.json,C:\dev\PIDO\IIT_PIDO\result\bench\aion\20260902_115957\runs\run_rosenbrock_20260902_152354_931196_ab66
36,1,goldstein_price,44,2,"[""x2"", ""x1""]",2,0,100.0,True,True,C:\dev\PIDO\IIT_PIDO\result\bench\aion\20260902_115957\runs\run_goldstein_price_20260902_154007_702347_ba4d\Modeler\metadata.json,C:\dev\PIDO\IIT_PIDO\result\bench\aion\20260902_115957\runs\run_goldstein_price_20260902_154007_702347_ba4d
37,2,goldstein_price,1044,2,"[""x2"", ""x1""]",2,0,100.0,True,True,C:\dev\PIDO\IIT_PIDO\result\bench\aion\20260902_115957\runs\run_goldstein_price_20260902_154312_376544_c4d1\Modeler\metadata.json,C:\dev\PIDO\IIT_PIDO\result\bench\aion\20260902_115957\runs\run_goldstein_price_20260902_154312_376544_c4d1
38,3,goldstein_price,2044,2,"[""x2"", ""x1""]",2,0,100.0,True,True,C:\dev\PIDO\IIT_PIDO\result\bench\aion\20260902_115957\runs\run_goldstein_price_20260902_154554_360158_b8d0\Modeler\metadata.json,C:\dev\PIDO\IIT_PIDO\result\bench\aion\20260902_115957\runs\run_goldstein_price_20260902_154554_360158_b8d0
39,4,goldstein_price,3044,2,"[""x2"", ""x1""]",2,0,100.0,True,True,C:\dev\PIDO\IIT_PIDO\result\bench\aion\20260902_115957\runs\run_goldstein_price_20260902_154856_302362_b928\Modeler\metadata.json,C:\dev\PIDO\IIT_PIDO\result\bench\aion\20260902_115957\runs\run_goldstein_price_20260902_154856_302362_b928
40,5,goldstein_price,4044,2,"[""x2"", ""x1""]",2,0,100.0,True,True,C:\dev\PIDO\IIT_PIDO\result\bench\aion\20260902_115957\runs\run_goldstein_price_20260902_155151_212627_29fd\Modeler\metadata.json,C:\dev\PIDO\IIT_PIDO\result\bench\aion\20260902_115957\runs\run_goldstein_price_20260902_155151_212627_29fd
41,6,goldstein_price,5044,2,"[""x2"", ""x1""]",2,0,100.0,True,True,C:\dev\PIDO\IIT_PIDO\result\bench\aion\20260902_115957\runs\run_goldstein_price_20260902_155448_459911_8faf\Modeler\metadata.json,C:\dev\PIDO\IIT_PIDO\result\bench\aion\20260902_115957\runs\run_goldstein_price_20260902_155448_459911_8faf
42,7,goldstein_price,6044,2,"[""x2"", ""x1""]",2,0,100.0,True,True,C:\dev\PIDO\IIT_PIDO\result\bench\aion\20260902_115957\runs\run_goldstein_price_20260902_155808_185131_ba86\Modeler\metadata.json,C:\dev\PIDO\IIT_PIDO\result\bench\aion\20260902_115957\runs\run_goldstein_price_20260902_155808_185131_ba86
43,8,goldstein_price,7044,2,"[""x2"", ""x1""]",2,0,100.0,True,True,C:\dev\PIDO\IIT_PIDO\result\bench\aion\20260902_115957\runs\run_goldstein_price_20260902_160109_381901_00b0\Modeler\metadata.json,C:\dev\PIDO\IIT_PIDO\result\bench\aion\20260902_115957\runs\run_goldstein_price_20260902_160109_381901_00b0
44,9,goldstein_price,8044,2,"[""x2"", ""x1""]",2,0,100.0,True,True,C:\dev\PIDO\IIT_PIDO\result\bench\aion\20260902_115957\runs\run_goldstein_price_20260902_160659_441096_6500\Modeler\metadata.json,C:\dev\PIDO\IIT_PIDO\result\bench\aion\20260902_115957\runs\run_goldstein_price_20260902_160659_441096_6500
45,10,goldstein_price,9044,2,"[""x2"", ""x1""]",2,0,100.0,True,True,C:\dev\PIDO\IIT_PIDO\result\bench\aion\20260902_115957\runs\run_goldstein_price_20260902_161657_382936_da92\Modeler\metadata.json,C:\dev\PIDO\IIT_PIDO\result\bench\aion\20260902_115957\runs\run_goldstein_price_20260902_161657_382936_da92
46,11,goldstein_price,10044,2,"[""x2"", ""x1""]",2,0,100.0,True,True,C:\dev\PIDO\IIT_PIDO\result\bench\aion\20260902_115957\runs\run_goldstein_price_20260902_162615_449225_2ea2\Modeler\metadata.json,C:\dev\PIDO\IIT_PIDO\result\bench\aion\20260902_115957\runs\run_goldstein_price_20260902_162615_449225_2ea2
47,12,goldstein_price,11044,2,"[""x2"", ""x1""]",2,0,100.0,True,True,C:\dev\PIDO\IIT_PIDO\result\bench\aion\20260902_115957\runs\run_goldstein_price_20260902_163824_224529_2d80\Modeler\metadata.json,C:\dev\PIDO\IIT_PIDO\result\bench\aion\20260902_115957\runs\run_goldstein_price_20260902_163824_224529_2d80
48,13,goldstein_price,12044,2,"[""x2"", ""x1""]",2,0,100.0,True,True,C:\dev\PIDO\IIT_PIDO\result\bench\aion\20260902_115957\runs\run_goldstein_price_20260902_164907_520536_dda1\Modeler\metadata.json,C:\dev\PIDO\IIT_PIDO\result\bench\aion\20260902_115957\runs\run_goldstein_price_20260902_164907_520536_dda1
49,14,goldstein_price,13044,2,"[""x2"", ""x1""]",2,0,100.0,True,True,C:\dev\PIDO\IIT_PIDO\result\bench\aion\20260902_115957\runs\run_goldstein_price_20260902_165938_504959_84fe\Modeler\metadata.json,C:\dev\PIDO\IIT_PIDO\result\bench\aion\20260902_115957\runs\run_goldstein_price_20260902_165938_504959_84fe
50,15,goldstein_price,14044,2,"[""x2"", ""x1""]",2,0,100.0,True,True,C:\dev\PIDO\IIT_PIDO\result\bench\aion\20260902_115957\runs\run_goldstein_price_20260902_170745_572990_2fa9\Modeler\metadata.json,C:\dev\PIDO\IIT_PIDO\result\bench\aion\20260902_115957\runs\run_goldstein_price_20260902_170745_572990_2fa9
51,16,goldstein_price,15044,2,"[""x2"", ""x1""]",2,0,100.0,True,True,C:\dev\PIDO\IIT_PIDO\result\bench\aion\20260902_115957\runs\run_goldstein_price_20260902_171739_715945_32be\Modeler\metadata.json,C:\dev\PIDO\IIT_PIDO\result\bench\aion\20260902_115957\runs\run_goldstein_price_20260902_171739_715945_32be
52,17,goldstein_price,16044,2,"[""x2"", ""x1""]",2,0,100.0,True,True,C:\dev\PIDO\IIT_PIDO\result\bench\aion\20260902_115957\runs\run_goldstein_price_20260902_172332_248904_e193\Modeler\metadata.json,C:\dev\PIDO\IIT_PIDO\result\bench\aion\20260902_115957\runs\run_goldstein_price_20260902_172332_248904_e193
53,18,goldstein_price,17044,2,"[""x2"", ""x1""]",2,0,100.0,True,True,C:\dev\PIDO\IIT_PIDO\result\bench\aion\20260902_115957\runs\run_goldstein_price_20260902_173034_856361_19fc\Modeler\metadata.json,C:\dev\PIDO\IIT_PIDO\result\bench\aion\20260902_115957\runs\run_goldstein_price_20260902_173034_856361_19fc
54,19,goldstein_price,18044,2,"[""x2"", ""x1""]",2,0,100.0,True,True,C:\dev\PIDO\IIT_PIDO\result\bench\aion\20260902_115957\runs\run_goldstein_price_20260902_173442_445676_271b\Modeler\metadata.json,C:\dev\PIDO\IIT_PIDO\result\bench\aion\20260902_115957\runs\run_goldstein_price_20260902_173442_445676_271b
55,20,goldstein_price,19044,2,"[""x2"", ""x1""]",2,0,100.0,True,True,C:\dev\PIDO\IIT_PIDO\result\bench\aion\20260902_115957\runs\run_goldstein_price_20260902_173720_045328_6c63\Modeler\metadata.json,C:\dev\PIDO\IIT_PIDO\result\bench\aion\20260902_115957\runs\run_goldstein_price_20260902_173720_045328_6c63
56,21,goldstein_price,20044,2,"[""x2"", ""x1""]",2,0,100.0,True,True,C:\dev\PIDO\IIT_PIDO\result\bench\aion\20260902_115957\runs\run_goldstein_price_20260902_173950_986606_662e\Modeler\metadata.json,C:\dev\PIDO\IIT_PIDO\result\bench\aion\20260902_115957\runs\run_goldstein_price_20260902_173950_986606_662e
57,22,goldstein_price,21044,2,"[""x2"", ""x1""]",2,0,100.0,True,True,C:\dev\PIDO\IIT_PIDO\result\bench\aion\20260902_115957\runs\run_goldstein_price_20260902_174236_248228_6633\Modeler\metadata.json,C:\dev\PIDO\IIT_PIDO\result\bench\aion\20260902_115957\runs\run_goldstein_price_20260902_174236_248228_6633
58,23,goldstein_price,22044,2,"[""x2"", ""x1""]",2,0,100.0,True,True,C:\dev\PIDO\IIT_PIDO\result\bench\aion\20260902_115957\runs\run_goldstein_price_20260902_174505_816117_fc3c\Modeler\metadata.json,C:\dev\PIDO\IIT_PIDO\result\bench\aion\20260902_115957\runs\run_goldstein_price_20260902_174505_816117_fc3c
59,24,goldstein_price,23044,2,"[""x2"", ""x1""]",2,0,100.0,True,True,C:\dev\PIDO\IIT_PIDO\result\bench\aion\20260902_115957\runs\run_goldstein_price_20260902_174742_458947_ee0f\Modeler\metadata.json,C:\dev\PIDO\IIT_PIDO\result\bench\aion\20260902_115957\runs\run_goldstein_price_20260902_174742_458947_ee0f
60,25,goldstein_price,24044,2,"[""x2"", ""x1""]",2,0,100.0,True,True,C:\dev\PIDO\IIT_PIDO\result\bench\aion\20260902_115957\runs\run_goldstein_price_20260902_175011_362537_8543\Modeler\metadata.json,C:\dev\PIDO\IIT_PIDO\result\bench\aion\20260902_115957\runs\run_goldstein_price_20260902_175011_362537_8543
61,26,goldstein_price,25044,2,"[""x2"", ""x1""]",2,0,100.0,True,True,C:\dev\PIDO\IIT_PIDO\result\bench\aion\20260902_115957\runs\run_goldstein_price_20260902_175249_782278_3fdf\Modeler\metadata.json,C:\dev\PIDO\IIT_PIDO\result\bench\aion\20260902_115957\runs\run_goldstein_price_20260902_175249_782278_3fdf
62,27,goldstein_price,26044,2,"[""x2"", ""x1""]",2,0,100.0,True,True,C:\dev\PIDO\IIT_PIDO\result\bench\aion\20260902_115957\runs\run_goldstein_price_20260902_175531_080921_4d91\Modeler\metadata.json,C:\dev\PIDO\IIT_PIDO\result\bench\aion\20260902_115957\runs\run_goldstein_price_20260902_175531_080921_4d91
63,28,goldstein_price,27044,2,"[""x2"", ""x1""]",2,0,100.0,True,True,C:\dev\PIDO\IIT_PIDO\result\bench\aion\20260902_115957\runs\run_goldstein_price_20260902_175821_364097_206c\Modeler\metadata.json,C:\dev\PIDO\IIT_PIDO\result\bench\aion\20260902_115957\runs\run_goldstein_price_20260902_175821_364097_206c
64,29,goldstein_price,28044,2,"[""x2"", ""x1""]",2,0,100.0,True,True,C:\dev\PIDO\IIT_PIDO\result\bench\aion\20260902_115957\runs\run_goldstein_price_20260902_180102_758839_3ee3\Modeler\metadata.json,C:\dev\PIDO\IIT_PIDO\result\bench\aion\20260902_115957\runs\run_goldstein_price_20260902_180102_758839_3ee3
65,30,goldstein_price,29044,2,"[""x2"", ""x1""]",2,0,100.0,True,True,C:\dev\PIDO\IIT_PIDO\result\bench\aion\20260902_115957\runs\run_goldstein_price_20260902_180412_167007_48f7\Modeler\metadata.json,C:\dev\PIDO\IIT_PIDO\result\bench\aion\20260902_115957\runs\run_goldstein_price_20260902_180412_167007_48f7
66,31,goldstein_price,30044,2,"[""x2"", ""x1""]",2,0,100.0,True,True,C:\dev\PIDO\IIT_PIDO\result\bench\aion\20260902_115957\runs\run_goldstein_price_20260902_180655_627190_5631\Modeler\metadata.json,C:\dev\PIDO\IIT_PIDO\result\bench\aion\20260902_115957\runs\run_goldstein_price_20260902_180655_627190_5631
67,32,goldstein_price,31044,2,"[""x2"", ""x1""]",2,0,100.0,True,True,C:\dev\PIDO\IIT_PIDO\result\bench\aion\20260902_115957\runs\run_goldstein_price_20260902_180948_613235_2a76\Modeler\metadata.json,C:\dev\PIDO\IIT_PIDO\result\bench\aion\20260902_115957\runs\run_goldstein_price_20260902_180948_613235_2a76
68,33,goldstein_price,32044,2,"[""x2"", ""x1""]",2,0,100.0,True,True,C:\dev\PIDO\IIT_PIDO\result\bench\aion\20260902_115957\runs\run_goldstein_price_20260902_181212_334155_2e64\Modeler\metadata.json,C:\dev\PIDO\IIT_PIDO\result\bench\aion\20260902_115957\runs\run_goldstein_price_20260902_181212_334155_2e64
69,34,goldstein_price,33044,2,"[""x2"", ""x1""]",2,0,100.0,True,True,C:\dev\PIDO\IIT_PIDO\result\bench\aion\20260902_115957\runs\run_goldstein_price_20260902_181447_101814_1fdc\Modeler\metadata.json,C:\dev\PIDO\IIT_PIDO\result\bench\aion\20260902_115957\runs\run_goldstein_price_20260902_181447_101814_1fdc
70,35,goldstein_price,34044,2,"[""x2"", ""x1""]",2,0,100.0,True,True,C:\dev\PIDO\IIT_PIDO\result\bench\aion\20260902_115957\runs\run_goldstein_price_20260902_181717_629028_6784\Modeler\metadata.json,C:\dev\PIDO\IIT_PIDO\result\bench\aion\20260902_115957\runs\run_goldstein_price_20260902_181717_629028_6784
71,36,goldstein_price,35044,2,"[""x2"", ""x1""]",2,0,100.0,True,True,C:\dev\PIDO\IIT_PIDO\result\bench\aion\20260902_115957\runs\run_goldstein_price_20260902_181948_550055_cc6b\Modeler\metadata.json,C:\dev\PIDO\IIT_PIDO\result\bench\aion\20260902_115957\runs\run_goldstein_price_20260902_181948_550055_cc6b
72,37,goldstein_price,36044,2,"[""x2"", ""x1""]",2,0,100.0,True,True,C:\dev\PIDO\IIT_PIDO\result\bench\aion\20260902_115957\runs\run_goldstein_price_20260902_182223_075518_5754\Modeler\metadata.json,C:\dev\PIDO\IIT_PIDO\result\bench\aion\20260902_115957\runs\run_goldstein_price_20260902_182223_075518_5754
73,38,goldstein_price,37044,2,"[""x2"", ""x1""]",2,0,100.0,True,True,C:\dev\PIDO\IIT_PIDO\result\bench\aion\20260902_115957\runs\run_goldstein_price_20260902_182516_570889_46d4\Modeler\metadata.json,C:\dev\PIDO\IIT_PIDO\result\bench\aion\20260902_115957\runs\run_goldstein_price_20260902_182516_570889_46d4
74,39,goldstein_price,38044,2,"[""x2"", ""x1""]",2,0,100.0,True,True,C:\dev\PIDO\IIT_PIDO\result\bench\aion\20260902_115957\runs\run_goldstein_price_20260902_182759_229479_0950\Modeler\metadata.json,C:\dev\PIDO\IIT_PIDO\result\bench\aion\20260902_115957\runs\run_goldstein_price_20260902_182759_229479_0950
75,40,goldstein_price,39044,2,"[""x2"", ""x1""]",2,0,100.0,True,True,C:\dev\PIDO\IIT_PIDO\result\bench\aion\20260902_115957\runs\run_goldstein_price_20260902_183026_153706_2d94\Modeler\metadata.json,C:\dev\PIDO\IIT_PIDO\result\bench\aion\20260902_115957\runs\run_goldstein_price_20260902_183026_153706_2d94
76,41,goldstein_price,40044,2,"[""x2"", ""x1""]",2,0,100.0,True,True,C:\dev\PIDO\IIT_PIDO\result\bench\aion\20260902_115957\runs\run_goldstein_price_20260902_183304_485356_1c39\Modeler\metadata.json,C:\dev\PIDO\IIT_PIDO\result\bench\aion\20260902_115957\runs\run_goldstein_price_20260902_183304_485356_1c39
77,42,goldstein_price,41044,2,"[""x2"", ""x1""]",2,0,100.0,True,True,C:\dev\PIDO\IIT_PIDO\result\bench\aion\20260902_115957\runs\run_goldstein_price_20260902_183520_429470_f64f\Modeler\metadata.json,C:\dev\PIDO\IIT_PIDO\result\bench\aion\20260902_115957\runs\run_goldstein_price_20260902_183520_429470_f64f
78,43,goldstein_price,42044,2,"[""x2"", ""x1""]",2,0,100.0,True,True,C:\dev\PIDO\IIT_PIDO\result\bench\aion\20260902_115957\runs\run_goldstein_price_20260902_183751_965296_faf1\Modeler\metadata.json,C:\dev\PIDO\IIT_PIDO\result\bench\aion\20260902_115957\runs\run_goldstein_price_20260902_183751_965296_faf1
79,44,goldstein_price,43044,2,"[""x2"", ""x1""]",2,0,100.0,True,True,C:\dev\PIDO\IIT_PIDO\result\bench\aion\20260902_115957\runs\run_goldstein_price_20260902_184010_422274_ff8b\Modeler\metadata.json,C:\dev\PIDO\IIT_PIDO\result\bench\aion\20260902_115957\runs\run_goldstein_price_20260902_184010_422274_ff8b
80,45,goldstein_price,44044,2,"[""x2"", ""x1""]",2,0,100.0,True,True,C:\dev\PIDO\IIT_PIDO\result\bench\aion\20260902_115957\runs\run_goldstein_price_20260902_184243_366597_8d9f\Modeler\metadata.json,C:\dev\PIDO\IIT_PIDO\result\bench\aion\20260902_115957\runs\run_goldstein_price_20260902_184243_366597_8d9f
81,46,goldstein_price,45044,2,"[""x2"", ""x1""]",2,0,100.0,True,True,C:\dev\PIDO\IIT_PIDO\result\bench\aion\20260902_115957\runs\run_goldstein_price_20260902_184527_874564_e8a7\Modeler\metadata.json,C:\dev\PIDO\IIT_PIDO\result\bench\aion\20260902_115957\runs\run_goldstein_price_20260902_184527_874564_e8a7
82,47,goldstein_price,46044,2,"[""x2"", ""x1""]",2,0,100.0,True,True,C:\dev\PIDO\IIT_PIDO\result\bench\aion\20260902_115957\runs\run_goldstein_price_20260902_184804_491119_8ffa\Modeler\metadata.json,C:\dev\PIDO\IIT_PIDO\result\bench\aion\20260902_115957\runs\run_goldstein_price_20260902_184804_491119_8ffa
83,48,goldstein_price,47044,2,"[""x2"", ""x1""]",2,0,100.0,True,True,C:\dev\PIDO\IIT_PIDO\result\bench\aion\20260902_115957\runs\run_goldstein_price_20260902_185032_293551_8fdf\Modeler\metadata.json,C:\dev\PIDO\IIT_PIDO\result\bench\aion\20260902_115957\runs\run_goldstein_price_20260902_185032_293551_8fdf
84,49,goldstein_price,48044,2,"[""x2"", ""x1""]",2,0,100.0,True,True,C:\dev\PIDO\IIT_PIDO\result\bench\aion\20260902_115957\runs\run_goldstein_price_20260902_185304_673401_7801\Modeler\metadata.json,C:\dev\PIDO\IIT_PIDO\result\bench\aion\20260902_115957\runs\run_goldstein_price_20260902_185304_673401_7801
85,50,goldstein_price,49044,2,"[""x2"", ""x1""]",2,0,100.0,True,True,C:\dev\PIDO\IIT_PIDO\result\bench\aion\20260902_115957\runs\run_goldstein_price_20260902_185527_982605_49f2\Modeler\metadata.json,C:\dev\PIDO\IIT_PIDO\result\bench\aion\20260902_115957\runs\run_goldstein_price_20260902_185527_982605_49f2
86,1,six_hump_camel,45,2,"[""x1"", ""x2""]",2,0,100.0,True,True,C:\dev\PIDO\IIT_PIDO\result\bench\aion\20260902_115957\runs\run_six_hump_camel_20260902_185822_848096_54de\Modeler\metadata.json,C:\dev\PIDO\IIT_PIDO\result\bench\aion\20260902_115957\runs\run_six_hump_camel_20260902_185822_848096_54de
87,2,six_hump_camel,1045,2,"[""x1"", ""x2""]",2,0,100.0,True,True,C:\dev\PIDO\IIT_PIDO\result\bench\aion\20260902_115957\runs\run_six_hump_camel_20260902_185914_618629_cf49\Modeler\metadata.json,C:\dev\PIDO\IIT_PIDO\result\bench\aion\20260902_115957\runs\run_six_hump_camel_20260902_185914_618629_cf49
88,3,six_hump_camel,2045,2,"[""x2"", ""x1""]",2,0,100.0,True,True,C:\dev\PIDO\IIT_PIDO\result\bench\aion\20260902_115957\runs\run_six_hump_camel_20260902_185951_629917_673a\Modeler\metadata.json,C:\dev\PIDO\IIT_PIDO\result\bench\aion\20260902_115957\runs\run_six_hump_camel_20260902_185951_629917_673a
89,4,six_hump_camel,3045,2,"[""x1"", ""x2""]",2,0,100.0,True,True,C:\dev\PIDO\IIT_PIDO\result\bench\aion\20260902_115957\runs\run_six_hump_camel_20260902_190032_025328_49c0\Modeler\metadata.json,C:\dev\PIDO\IIT_PIDO\result\bench\aion\20260902_115957\runs\run_six_hump_camel_20260902_190032_025328_49c0
90,5,six_hump_camel,4045,2,"[""x2"", ""x1""]",2,0,100.0,True,True,C:\dev\PIDO\IIT_PIDO\result\bench\aion\20260902_115957\runs\run_six_hump_camel_20260902_190110_032638_55a2\Modeler\metadata.json,C:\dev\PIDO\IIT_PIDO\result\bench\aion\20260902_115957\runs\run_six_hump_camel_20260902_190110_032638_55a2
91,6,six_hump_camel,5045,2,"[""x1"", ""x2""]",2,0,100.0,True,True,C:\dev\PIDO\IIT_PIDO\result\bench\aion\20260902_115957\runs\run_six_hump_camel_20260902_190148_859409_f13c\Modeler\metadata.json,C:\dev\PIDO\IIT_PIDO\result\bench\aion\20260902_115957\runs\run_six_hump_camel_20260902_190148_859409_f13c
92,7,six_hump_camel,6045,2,"[""x1"", ""x2""]",2,0,100.0,True,True,C:\dev\PIDO\IIT_PIDO\result\bench\aion\20260902_115957\runs\run_six_hump_camel_20260902_190231_737722_5cbf\Modeler\metadata.json,C:\dev\PIDO\IIT_PIDO\result\bench\aion\20260902_115957\runs\run_six_hump_camel_20260902_190231_737722_5cbf
93,8,six_hump_camel,7045,2,"[""x2"", ""x1""]",2,0,100.0,True,True,C:\dev\PIDO\IIT_PIDO\result\bench\aion\20260902_115957\runs\run_six_hump_camel_20260902_190312_828347_563e\Modeler\metadata.json,C:\dev\PIDO\IIT_PIDO\result\bench\aion\20260902_115957\runs\run_six_hump_camel_20260902_190312_828347_563e
94,9,six_hump_camel,8045,2,"[""x1"", ""x2""]",2,0,100.0,True,True,C:\dev\PIDO\IIT_PIDO\result\bench\aion\20260902_115957\runs\run_six_hump_camel_20260902_190350_648994_81f3\Modeler\metadata.json,C:\dev\PIDO\IIT_PIDO\result\bench\aion\20260902_115957\runs\run_six_hump_camel_20260902_190350_648994_81f3
95,10,six_hump_camel,9045,2,"[""x1"", ""x2""]",2,0,100.0,True,True,C:\dev\PIDO\IIT_PIDO\result\bench\aion\20260902_115957\runs\run_six_hump_camel_20260902_190432_647511_bd27\Modeler\metadata.json,C:\dev\PIDO\IIT_PIDO\result\bench\aion\20260902_115957\runs\run_six_hump_camel_20260902_190432_647511_bd27
96,11,six_hump_camel,10045,2,"[""x1"", ""x2""]",2,0,100.0,True,True,C:\dev\PIDO\IIT_PIDO\result\bench\aion\20260902_115957\runs\run_six_hump_camel_20260902_190508_663450_7b6c\Modeler\metadata.json,C:\dev\PIDO\IIT_PIDO\result\bench\aion\20260902_115957\runs\run_six_hump_camel_20260902_190508_663450_7b6c
97,12,six_hump_camel,11045,2,"[""x1"", ""x2""]",2,0,100.0,True,True,C:\dev\PIDO\IIT_PIDO\result\bench\aion\20260902_115957\runs\run_six_hump_camel_20260902_190549_991658_e5dd\Modeler\metadata.json,C:\dev\PIDO\IIT_PIDO\result\bench\aion\20260902_115957\runs\run_six_hump_camel_20260902_190549_991658_e5dd
98,13,six_hump_camel,12045,2,"[""x1"", ""x2""]",2,0,100.0,True,True,C:\dev\PIDO\IIT_PIDO\result\bench\aion\20260902_115957\runs\run_six_hump_camel_20260902_190626_894718_638f\Modeler\metadata.json,C:\dev\PIDO\IIT_PIDO\result\bench\aion\20260902_115957\runs\run_six_hump_camel_20260902_190626_894718_638f
99,14,six_hump_camel,13045,2,"[""x1"", ""x2""]",2,0,100.0,True,True,C:\dev\PIDO\IIT_PIDO\result\bench\aion\20260902_115957\runs\run_six_hump_camel_20260902_190705_799281_c65a\Modeler\metadata.json,C:\dev\PIDO\IIT_PIDO\result\bench\aion\20260902_115957\runs\run_six_hump_camel_20260902_190705_799281_c65a
100,15,six_hump_camel,14045,2,"[""x2"", ""x1""]",2,0,100.0,True,True,C:\dev\PIDO\IIT_PIDO\result\bench\aion\20260902_115957\runs\run_six_hump_camel_20260902_190742_017361_b579\Modeler\metadata.json,C:\dev\PIDO\IIT_PIDO\result\bench\aion\20260902_115957\runs\run_six_hump_camel_20260902_190742_017361_b579
101,16,six_hump_camel,15045,2,"[""x1"", ""x2""]",2,0,100.0,True,True,C:\dev\PIDO\IIT_PIDO\result\bench\aion\20260902_115957\runs\run_six_hump_camel_20260902_190824_289915_436b\Modeler\metadata.json,C:\dev\PIDO\IIT_PIDO\result\bench\aion\20260902_115957\runs\run_six_hump_camel_20260902_190824_289915_436b
102,17,six_hump_camel,16045,2,"[""x1"", ""x2""]",2,0,100.0,True,True,C:\dev\PIDO\IIT_PIDO\result\bench\aion\20260902_115957\runs\run_six_hump_camel_20260902_190903_881269_f402\Modeler\metadata.json,C:\dev\PIDO\IIT_PIDO\result\bench\aion\20260902_115957\runs\run_six_hump_camel_20260902_190903_881269_f402
103,18,six_hump_camel,17045,2,"[""x1"", ""x2""]",2,0,100.0,True,True,C:\dev\PIDO\IIT_PIDO\result\bench\aion\20260902_115957\runs\run_six_hump_camel_20260902_190944_744470_45fd\Modeler\metadata.json,C:\dev\PIDO\IIT_PIDO\result\bench\aion\20260902_115957\runs\run_six_hump_camel_20260902_190944_744470_45fd
104,19,six_hump_camel,18045,2,"[""x1"", ""x2""]",2,0,100.0,True,True,C:\dev\PIDO\IIT_PIDO\result\bench\aion\20260902_115957\runs\run_six_hump_camel_20260902_191026_217293_e084\Modeler\metadata.json,C:\dev\PIDO\IIT_PIDO\result\bench\aion\20260902_115957\runs\run_six_hump_camel_20260902_191026_217293_e084
105,20,six_hump_camel,19045,2,"[""x1"", ""x2""]",2,0,100.0,True,True,C:\dev\PIDO\IIT_PIDO\result\bench\aion\20260902_115957\runs\run_six_hump_camel_20260902_191106_109374_b048\Modeler\metadata.json,C:\dev\PIDO\IIT_PIDO\result\bench\aion\20260902_115957\runs\run_six_hump_camel_20260902_191106_109374_b048
106,21,six_hump_camel,20045,2,"[""x1"", ""x2""]",2,0,100.0,True,True,C:\dev\PIDO\IIT_PIDO\result\bench\aion\20260902_115957\runs\run_six_hump_camel_20260902_191147_484769_c338\Modeler\metadata.json,C:\dev\PIDO\IIT_PIDO\result\bench\aion\20260902_115957\runs\run_six_hump_camel_20260902_191147_484769_c338
107,22,six_hump_camel,21045,2,"[""x1"", ""x2""]",2,0,100.0,True,True,C:\dev\PIDO\IIT_PIDO\result\bench\aion\20260902_115957\runs\run_six_hump_camel_20260902_191223_269545_8e0d\Modeler\metadata.json,C:\dev\PIDO\IIT_PIDO\result\bench\aion\20260902_115957\runs\run_six_hump_camel_20260902_191223_269545_8e0d
108,23,six_hump_camel,22045,2,"[""x1"", ""x2""]",2,0,100.0,True,True,C:\dev\PIDO\IIT_PIDO\result\bench\aion\20260902_115957\runs\run_six_hump_camel_20260902_191304_449387_0ab7\Modeler\metadata.json,C:\dev\PIDO\IIT_PIDO\result\bench\aion\20260902_115957\runs\run_six_hump_camel_20260902_191304_449387_0ab7
109,24,six_hump_camel,23045,2,"[""x1"", ""x2""]",2,0,100.0,True,True,C:\dev\PIDO\IIT_PIDO\result\bench\aion\20260902_115957\runs\run_six_hump_camel_20260902_191346_372204_8870\Modeler\metadata.json,C:\dev\PIDO\IIT_PIDO\result\bench\aion\20260902_115957\runs\run_six_hump_camel_20260902_191346_372204_8870
110,25,six_hump_camel,24045,2,"[""x1"", ""x2""]",2,0,100.0,True,True,C:\dev\PIDO\IIT_PIDO\result\bench\aion\20260902_115957\runs\run_six_hump_camel_20260902_191424_349264_43c9\Modeler\metadata.json,C:\dev\PIDO\IIT_PIDO\result\bench\aion\20260902_115957\runs\run_six_hump_camel_20260902_191424_349264_43c9
